Date,GSPCRet,FTSERet
1/1/2010,0,0
1/4/2010,-0.008911696,0
1/5/2010,0.014419265,0.016146595
1/6/2010,0.002692712,0.004036179
1/7/2010,0.000493135,0.001358081
1/8/2010,0.003740308,-0.00059671
1/11/2010,0.004769703,0.001357048
1/12/2010,-0.001876071,0.000704691
1/13/2010,-0.005682762,-0.007114336
1/14/2010,0.007359466,-0.004582937
1/15/2010,0.001780529,0.004512688
1/18/2010,0,-0.007784419
1/19/2010,-0.01018536,0.00714888
1/20/2010,0.010492612,0.003403501
1/21/2010,-0.008075176,-0.016741995
1/22/2010,-0.020365741,-0.015809421
1/25/2010,-0.020699393,-0.006016775
1/26/2010,0.003112435,-0.008052083
1/27/2010,-0.003522638,0.003155732
1/28/2010,0.004569951,-0.011256591
1/29/2010,-0.008496502,-0.013761343
2/1/2010,-0.012614789,0.008317586
2/2/2010,0.015048128,0.01135201
2/3/2010,0.009742667,0.006841465
2/4/2010,-0.003107238,-0.005697123
2/5/2010,-0.03019367,-0.021682096
2/8/2010,0.001306257,-0.015254977
2/9/2010,-0.005114876,0.006204411
2/10/2010,0.009074953,0.003829311
2/11/2010,-0.002412009,0.00395168
2/12/2010,0.008293483,0.005748246
2/15/2010,0,-0.0036811
2/16/2010,0.002955578,0.004861449
2/17/2010,0.015762707,0.014823434
2/18/2010,0.002636538,0.006197441
2/19/2010,0.005877875,0.009191525
2/22/2010,0.004079648,0.006215864
2/23/2010,-0.00226127,-0.00113846
2/24/2010,-0.010474113,-0.006913174
2/25/2010,0.004881854,0.005230345
2/26/2010,0.001688992,-0.012109474
3/1/2010,0.002048781,0.014455648
3/2/2010,0.010539575,0.009599384
3/3/2010,0.002103809,0.014465713
3/4/2010,-0.0002144,0.008953173
3/5/2010,0.005361355,-0.001084363
3/8/2010,0.011803212,0.01313497
3/9/2010,-0.000737848,0.001232257
3/10/2010,0.002338261,-0.000784845
3/11/2010,0.00328006,0.00683653
3/12/2010,0.006774713,-0.004130818
3/15/2010,-0.002761052,0.00149545
3/16/2010,0.002002496,-0.005652682
3/17/2010,0.007916013,0.004737303
3/18/2010,0.005336538,0.004305778
3/19/2010,0.000471687,-0.000354321
3/22/2010,-0.00808281,0.001329174
3/23/2010,0.007967138,-0.00099115
3/24/2010,0.005340884,0.005155478
3/25/2010,-0.002276731,0.000757862
3/26/2010,-0.002094026,0.0087709
3/29/2010,0.000111346,-0.004312411
3/30/2010,0.005172551,0.001350201
3/31/2010,-0.00170394,-0.006724288
4/1/2010,-0.000443797,0.001287008
4/2/2010,0,0.011497254
4/5/2010,0.006386432,0
4/6/2010,0.006193253,0
4/7/2010,0.001871798,0.006179394
4/8/2010,-0.005453473,-0.003165837
4/9/2010,0.004840254,-0.008573246
4/12/2010,0.006290661,0.010205297
4/13/2010,0.000836862,0.001161011
4/14/2010,0.002299447,-0.002769268
4/15/2010,0.010077734,0.006005104
4/16/2010,-0.000495532,0.004951468
4/19/2010,-0.014964827,-0.013905579
4/20/2010,0.005855393,-0.002802942
4/21/2010,0.00677208,0.009741841
4/22/2010,-0.003843744,-0.010425902
4/23/2010,0.00444897,-0.010151326
4/26/2010,0.007616673,0.010308438
4/27/2010,-0.005874685,0.005276256
4/28/2010,-0.020935332,-0.026138776
4/29/2010,0.007352825,-0.003015955
4/30/2010,0.011288,0.00558474
5/3/2010,-0.015073347,-0.011481363
5/4/2010,0.007504791,0
5/5/2010,-0.023599173,-0.025606344
5/6/2010,-0.004156534,-0.012788563
5/7/2010,-0.032068539,-0.015144406
5/10/2010,-0.004232343,-0.026230755
5/11/2010,0.030402661,0.051610365
5/12/2010,-0.000830136,-0.009874839
5/13/2010,0.01264463,0.009242211
5/14/2010,-0.010982614,0.009324825
5/17/2010,-0.017862169,-0.031433514
5/18/2010,0.001988535,-7.60E-05
5/19/2010,-0.016869002,0.008513027
5/20/2010,-0.01092382,-0.028112169
5/21/2010,-0.036194807,-0.016478936
5/24/2010,0.016415887,-0.002010643
5/25/2010,-0.016003231,0.001323391
5/26/2010,0.00757899,-0.025426049
5/27/2010,-0.001152932,0.019713785
5/28/2010,0.026362037,0.031182409
5/31/2010,0,-0.001308957
6/1/2010,-0.013867274,0
6/2/2010,-0.013142682,-0.004837734
6/3/2010,0.024053771,-0.002324095
6/4/2010,-0.000354828,0.011628209
6/7/2010,-0.029669698,-0.016349438
6/8/2010,-0.014101467,-0.011100254
6/9/2010,0.011362607,-0.008068474
6/10/2010,-0.003744983,0.011475221
6/11/2010,0.022554478,0.009162606
6/14/2010,0.011407173,0.006078947
6/15/2010,-0.003461223,0.007436509
6/16/2010,0.020903455,0.003017956
6/17/2010,0.001759359,0.003852217
6/18/2010,0.000161341,0.003054659
6/21/2010,0.005940013,-0.000590056
6/22/2010,-0.007917789,0.009198654
6/23/2010,-0.016455766,-0.009831876
6/24/2010,-0.00423514,-0.013055079
6/25/2010,-0.014510626,-0.015120171
6/28/2010,0.002232373,-0.010529037
6/29/2010,-0.005939698,0.004993599
6/30/2010,-0.028512667,-0.031054675
7/1/2010,-0.009091338,0.000549369
7/2/2010,-0.003345894,-0.022595558
7/5/2010,0,0.006721107
7/6/2010,0.000428104,-0.003017734
7/7/2010,0.000437776,0.029335545
7/8/2010,0.033426025,0.010030172
7/9/2010,0.007131257,0.018086504
7/12/2010,0.006286764,0.005366742
7/13/2010,0.00317485,0.006643437
7/14/2010,0.013843484,0.020127734
7/15/2010,-0.001049666,-0.003320053
7/16/2010,-0.000557339,-0.008032777
7/19/2010,-0.024683458,-0.010055054
7/20/2010,-0.002174576,-0.002054721
7/21/2010,0.020797924,-0.001709264
7/22/2010,-0.013371151,0.014612335
7/23/2010,0.018682289,0.019023454
7/26/2010,0.009815295,-0.000225772
7/27/2010,0.013120049,0.007246922
7/28/2010,-0.004045267,0.002728429
7/29/2010,-0.004286348,-0.008572972
7/30/2010,-0.008690792,-0.001071526
8/2/2010,0.008275453,-0.010538201
8/3/2010,0.016080771,0.026454944
8/4/2010,-0.003803213,-0.000111189
8/5/2010,0.004210275,-0.001908608
8/6/2010,-0.003295567,-0.003787529
8/9/2010,0.000650675,-0.00622459
8/10/2010,0.000106871,0.014646332
8/11/2010,-0.005369954,-0.006302578
8/12/2010,-0.031704137,-0.024402892
8/13/2010,0.000684238,0.003984577
8/16/2010,-0.004370628,0.001765976
8/17/2010,0.003406105,0.000132728
8/18/2010,0.01010019,0.014120278
8/19/2010,0.000329633,-0.008914924
8/20/2010,-0.015387515,-0.017273586
8/23/2010,-0.002110409,-0.003070251
8/24/2010,-0.009465635,0.007603026
8/25/2010,-0.013374691,-0.015053069
8/26/2010,0.006959188,-0.009038033
8/27/2010,-0.006636507,0.009081282
8/30/2010,0.012989988,0.008883257
8/31/2010,-0.015071991,0
9/1/2010,0.00271279,0.004537084
9/2/2010,0.029474588,0.027022832
9/3/2010,0.011983372,0.000857204
9/6/2010,0,0.010649822
9/7/2010,0.008220472,0.002026454
9/8/2010,-0.009287131,-0.005772979
9/9/2010,0.008046834,0.004049778
9/10/2010,0.003105773,0.011879109
9/13/2010,0.007976008,0.001346857
9/14/2010,0.006987757,0.011614785
9/15/2010,-0.001543027,0.000341371
9/16/2010,0.003984135,-0.002119446
9/17/2010,0.002224417,-0.002789978
9/20/2010,0.000159742,-0.005703886
9/21/2010,0.014424315,0.017064537
9/22/2010,-0.002913806,-0.004694298
9/23/2010,-0.007362956,-0.004357859
9/24/2010,0.000521586,-0.000864534
9/27/2010,0.014977665,0.009266085
9/28/2010,-0.005510827,-0.004483361
9/29/2010,0.003886809,0.000897118
9/30/2010,-0.000680209,-0.00163131
10/1/2010,-0.002164089,-0.003716752
10/4/2010,0.001285513,0.007983961
10/5/2010,-0.003738041,-0.006597633
10/6/2010,0.016770702,0.014362816
10/7/2010,0.001517393,0.008091149
10/8/2010,-0.002763468,-0.003397016
10/11/2010,0.006008461,-0.000794758
10/12/2010,-0.000892388,0.002615916
10/13/2010,0.006046584,-0.001903922
10/14/2010,0.005549295,0.015154692
10/15/2010,-0.000297138,-0.003514582
10/18/2010,-0.000543551,-0.004155659
10/19/2010,0.00153808,0.006855577
10/20/2010,-0.010096403,-0.006721828
10/21/2010,0.011210686,0.004382966
10/22/2010,0.000593373,0.005062054
10/25/2010,0.003574671,-0.002865628
10/26/2010,0.000118182,0.001846257
10/27/2010,-0.000877759,-0.007771244
10/28/2010,0.000532171,-0.010740597
10/29/2010,-0.000506535,0.00565
11/1/2010,0.001554196,-0.000475476
11/2/2010,0.00181328,0.003418364
11/3/2010,0.004992216,0.011027957
11/4/2010,0.003811329,-0.001458975
11/5/2010,0.019076377,0.019794713
11/8/2010,0.00167052,0.00214916
11/9/2010,0.000286105,-0.004323093
11/10/2010,-0.008540403,0.004307726
11/11/2010,-8.24E-05,-0.009923116
11/12/2010,-0.003272846,-0.000292202
11/15/2010,-0.007137722,-0.003146976
11/16/2010,-0.004706526,0.004053891
11/17/2010,-0.013776549,-0.023795616
11/18/2010,0.004599768,0.001883207
11/19/2010,0.010449837,0.013368249
11/22/2010,0.00163023,-0.006223307
11/23/2010,-0.004640745,-0.009070612
11/24/2010,-0.007387828,-0.017515139
11/25/2010,0,0.013581118
11/26/2010,0.008836769,0.00738891
11/29/2010,-0.004254102,-0.005299217
11/30/2010,-0.005146832,-0.020763172
12/1/2010,0.00307704,-0.004089388
12/2/2010,0.017031926,0.020657381
12/3/2010,0.010871632,0.022171041
12/6/2010,0.003229645,-0.003866477
12/7/2010,0.002761735,0.004351383
12/8/2010,-0.001817055,0.00662014
12/9/2010,0.00417952,-0.002410261
12/10/2010,0.003015885,0.002329795
12/13/2010,0.007026822,0.000860882
12/14/2010,-0.000547318,0.008222915
12/15/2010,-0.000209375,0.005187072
12/16/2010,-0.004220421,-0.001527702
12/17/2010,0.005896468,-0.000187021
12/20/2010,0.001712732,-0.001581387
12/21/2010,0.002946028,0.003372099
12/22/2010,0.004409921,0.010217888
12/23/2010,0.002063914,0.005326153
12/24/2010,0,0.002105807
12/27/2010,-0.002282248,0.002134688
12/28/2010,0.003538761,0
12/29/2010,-0.000254107,0
12/30/2010,0.000524247,-0.002080248
12/31/2010,-0.002127876,-0.004235859
1/3/2011,0.000684288,-0.01190757
1/4/2011,0.012189657,0
1/5/2011,-0.003275794,0.019322362
1/6/2011,0.005919079,0.004988444
1/7/2011,-0.001473023,-0.004037112
1/10/2011,-0.00280135,-0.005847694
1/11/2011,0.001369165,-0.00467891
1/12/2011,0.002412476,0.009687255
1/13/2011,0.007941053,0.00610246
1/14/2011,-0.002239889,-0.004429288
1/17/2011,0,-0.003618886
1/18/2011,0.008044233,-0.002732361
1/19/2011,0.001005281,0.011811435
1/20/2011,-0.010559932,-0.013159585
1/21/2011,0.002170457,-0.018204074
1/24/2011,-0.000264847,0.004839875
1/25/2011,0.003802729,0.008072876
1/26/2011,0.002949864,-0.004407831
1/27/2011,0.004288056,0.008702705
1/28/2011,0.001633895,-0.000686876
1/31/2011,-0.017797377,-0.01403165
2/1/2011,0.009902087,-0.00314551
2/2/2011,0.013008687,0.016186512
2/3/2011,-0.002404465,0.007099986
2/4/2011,0.003254596,-0.002800002
2/7/2011,0.003703082,0.002356575
2/8/2011,0.005267397,0.008937223
2/9/2011,0.002820809,0.006660024
2/10/2011,-0.003289256,-0.006402574
2/11/2011,0.000402107,-0.005336782
2/14/2011,0.007636499,0.00712623
2/15/2011,0.001279472,-0.000461793
2/16/2011,-0.000691539,-0.003795317
2/17/2011,0.003655471,0.007983917
2/18/2011,0.004504005,0.00034511
2/21/2011,0,-0.000722788
2/22/2011,-0.001096682,-0.011211605
2/23/2011,-0.017529253,-0.002992618
2/24/2011,-0.006347668,-0.012223154
2/25/2011,0.000191265,-0.000590867
2/28/2011,0.010915309,0.013716249
3/1/2011,0.005319292,-0.001199793
3/2/2011,-0.017438918,-0.009709742
3/3/2011,0.005285472,-0.003520992
3/4/2011,0.013989946,0.015249657
3/7/2011,-0.00601926,-0.002447952
3/8/2011,-0.00882267,-0.002771117
3/9/2011,0.006765566,0.000167398
3/10/2011,-0.003182066,-0.006276361
3/11/2011,-0.016941232,-0.015495259
3/14/2011,0.005999465,-0.002839822
3/15/2011,-0.009783338,-0.009178719
3/16/2011,-0.006985083,-0.013835086
3/17/2011,-0.01395118,-0.017049078
3/18/2011,0.011968814,0.017487746
3/21/2011,0.00386937,0.003862292
3/22/2011,0.012983275,0.011892062
3/23/2011,-0.004698563,-0.004044158
3/24/2011,0.006516104,0.005761137
3/25/2011,0.008603704,0.01466554
3/28/2011,0.002782362,0.003383819
3/29/2011,-0.004621959,0.000627067
3/30/2011,0.009561865,0.00469137
3/31/2011,0.004198478,0.002713936
4/1/2011,0.001536822,-0.006640553
4/4/2011,0.003068928,0.01711009
4/5/2011,-0.001147327,0.0011814
4/6/2011,0.002935303,-0.001645322
4/7/2011,-0.000838357,0.005659969
4/8/2011,0.001003947,-0.005578486
4/11/2011,-0.005351174,0.008056714
4/12/2011,-0.005304737,-0.000396298
4/13/2011,-0.005998617,-0.014685946
4/14/2011,-0.00220697,0.007695516
4/15/2011,0.002600836,-0.007753244
4/18/2011,-0.000905308,0.005399275
4/19/2011,-0.005603979,-0.020997315
4/20/2011,0.01005368,0.004565477
4/21/2011,0.010696514,0.021265394
4/22/2011,0,-0.000664198
4/25/2011,0.002932753,0
4/26/2011,-0.000291678,0
4/27/2011,0.00873765,0.008490786
4/28/2011,0.004026855,-0.000197665
4/29/2011,0.004638611,0.000280101
5/2/2011,0.003727518,0
5/3/2011,-0.003992024,0
5/4/2011,-0.002838725,0.002141716
5/5/2011,-0.008658448,-0.016242221
5/6/2011,-0.002916352,-0.010711736
5/9/2011,-2.99E-05,0.009594562
5/10/2011,0.006073731,-0.005705329
5/11/2011,0.00457603,0.012822405
5/12/2011,-0.011162705,-0.007127532
5/13/2011,0.006943405,-0.005187416
5/16/2011,-0.010321069,-0.0032128
5/17/2011,-0.006495534,-0.000371202
5/18/2011,0.00184003,-0.010584633
5/19/2011,0.010432494,0.010663709
5/20/2011,-0.000297992,0.005486621
5/23/2011,-0.006654287,-0.001259234
5/24/2011,-0.011529774,-0.018929158
5/25/2011,-0.001016898,0.003855447
5/26/2011,0.003251412,0.001997166
5/27/2011,0.003823848,0.001856851
5/30/2011,0,0.009845248
5/31/2011,0.00408092,0
6/1/2011,0.010592725,0.008604304
6/2/2011,-0.022784644,-0.010250401
6/3/2011,-0.001224835,-0.013612015
6/6/2011,-0.009657663,0.001214128
6/7/2011,-0.010728586,0.001400546
6/8/2011,-0.001306103,0.000255833
6/9/2011,-0.003892171,-0.009514603
6/10/2011,0.007009816,0.008159876
6/13/2011,-0.013417598,-0.015453444
6/14/2011,0.000715728,0.001335495
6/15/2011,0.012301351,0.00512689
6/16/2011,-0.017346445,-0.010425462
6/17/2011,0.00241,-0.007627258
6/20/2011,0.002301821,0.002825173
6/21/2011,0.005426681,-0.003762096
6/22/2011,0.013360416,0.014385061
6/23/2011,-0.006854606,-0.000398214
6/24/2011,-0.002766933,-0.017079525
6/27/2011,-0.0113793,0.004106213
6/28/2011,0.00927913,0.004317463
6/29/2011,0.012997879,0.007794086
6/30/2011,0.008320191,0.015450259
7/1/2011,0.009941574,0.015317656
7/4/2011,0,0.007417059
7/5/2011,0.014349066,0.004624561
7/6/2011,-0.00151532,0.001080183
7/7/2011,0.00154007,-0.003502672
7/8/2011,0.009532569,0.008612537
7/11/2011,-0.006714007,-0.010570475
7/12/2011,-0.01764304,-0.010249374
7/13/2011,-0.003910272,-0.010153173
7/14/2011,0.002502978,0.006372449
7/15/2011,-0.006731218,-0.010056871
7/18/2011,0.005401565,-0.000564359
7/19/2011,-0.006740425,-0.01555528
7/20/2011,0.016517928,0.006466451
7/21/2011,-0.002265448,0.011018965
7/22/2011,0.013691415,0.007875243
7/25/2011,0.000386886,0.00594927
7/26/2011,-0.005154972,-0.001634405
7/27/2011,-0.004097519,0.000742644
7/28/2011,-0.020324247,-0.01232779
7/29/2011,-0.003617279,0.002834426
8/1/2011,-0.005791796,-0.009875366
8/2/2011,-0.004664981,-0.007016146
8/3/2011,-0.025113525,-0.009697977
8/4/2011,0.004767774,-0.023415624
8/5/2011,-0.047570644,-0.034273418
8/8/2011,-0.001499691,-0.027090188
8/9/2011,-0.065291036,-0.033924147
8/10/2011,0.046008445,0.0189189
8/11/2011,-0.043071567,-0.030532965
8/12/2011,0.04599121,0.031075172
8/15/2011,0.005107122,0.030448633
8/16/2011,0.021512296,0.005751898
8/17/2011,-0.009408544,0.001308264
8/18/2011,-0.002741258,-0.004852919
8/19/2011,-0.041315735,-0.044902074
8/22/2011,-0.014835921,-0.010093945
8/23/2011,0.000720873,0.010811776
8/24/2011,0.033619169,0.006692461
8/25/2011,0.012502501,0.014914025
8/26/2011,-0.015161144,-0.014368276
8/29/2011,0.016447391,-0.000233906
8/30/2011,0.027039396,0
8/31/2011,0.002678209,0.027057115
9/1/2011,0.005045338,0.02387682
9/2/2011,-0.012484391,0.004486087
9/5/2011,0,-0.023382027
9/6/2011,-0.024860913,-0.035789853
9/7/2011,-0.006916697,0.010621978
9/8/2011,0.027559296,0.031376105
9/9/2011,-0.01052604,0.004098786
9/12/2011,-0.026886116,-0.023537508
9/13/2011,0.007880334,-0.016319269
9/14/2011,0.009229376,0.008714072
9/15/2011,0.013738789,0.010184991
9/16/2011,0.016621284,0.021140233
9/19/2011,0.004780005,0.005789209
9/20/2011,-0.008633808,-0.02026671
9/21/2011,-0.000722287,0.019792398
9/22/2011,-0.032468413,-0.014038871
9/23/2011,-0.030681466,-0.046668143
9/26/2011,0.007166854,0.004998355
9/27/2011,0.023229553,0.004460428
9/28/2011,0.010375536,0.04022089
9/29/2011,-0.020121002,-0.014450048
9/30/2011,0.007111035,-0.003986563
10/3/2011,-0.024760194,-0.013142666
10/4/2011,-0.029870597,-0.010334406
10/5/2011,0.024247767,-0.025829987
10/6/2011,0.017864252,0.031914954
10/7/2011,0.018284994,0.037062366
10/10/2011,-0.005905431,0.002286791
10/11/2011,0.031472564,0.018026191
10/12/2011,0.001330961,-0.000611188
10/13/2011,0.009003603,0.008543768
10/14/2011,-0.001085319,-0.007056471
10/17/2011,0.015609792,0.011659326
10/18/2011,-0.019371623,-0.005433138
10/19/2011,0.018913147,-0.004837547
10/20/2011,-0.011066906,0.00741167
10/21/2011,0.004520936,-0.012072251
10/24/2011,0.019195448,0.019313982
10/25/2011,0.012488675,0.010822217
10/26/2011,-0.01994905,-0.004073484
10/27/2011,0.012040585,0.005013156
10/28/2011,0.032492781,0.028920191
10/31/2011,0.000443749,-0.002030104
11/1/2011,-0.026428809,-0.027708603
11/2/2011,-0.025083937,-0.022113216
11/3/2011,0.015275254,0.011527962
11/4/2011,0.018227294,0.011214237
11/7/2011,-0.006035743,-0.003317928
11/8/2011,0.006311819,-0.002967215
11/9/2011,0.011148867,0.010252595
11/10/2011,-0.035751883,-0.019201391
11/11/2011,0.008563854,-0.002856951
11/14/2011,0.019135229,0.018476363
11/15/2011,-0.009613502,-0.004760685
11/16/2011,0.004881447,-0.000289925
11/17/2011,-0.016894443,-0.001522439
11/18/2011,-0.016473213,-0.015592649
11/21/2011,-0.000468633,-0.011100698
11/22/2011,-0.018624253,-0.026161183
11/23/2011,-0.004610304,-0.003025369
11/24/2011,0,-0.012867789
11/25/2011,-0.021954009,-0.002373576
11/28/2011,-0.002359193,0.007235373
11/29/2011,0.029249064,0.028675355
11/30/2011,0.00348822,0.004555074
12/1/2011,0.041939689,0.031553289
12/2/2011,-0.000705748,-0.002924419
12/5/2011,-0.001364392,0.011476874
12/6/2011,0.010334868,0.002827692
12/7/2011,0.000755712,0.000125753
12/8/2011,0.002169854,-0.00391479
12/9/2011,-0.020930004,-0.011375741
12/12/2011,0.016662942,0.008279002
12/13/2011,-0.014517423,-0.018320967
12/14/2011,-0.008974537,0.01147779
12/15/2011,-0.011103575,-0.022476483
12/16/2011,0.003275229,0.006353898
12/19/2011,0.003001443,-0.002518117
12/20/2011,-0.011494269,-0.004139329
12/21/2011,0.029467895,0.010177092
12/22/2011,0.001989906,-0.005516994
12/23/2011,0.00826555,0.012486744
12/26/2011,0,0.010207109
12/27/2011,0.008787894,0
12/28/2011,0.000284569,0
12/29/2011,-0.012352025,-0.000961469
12/30/2011,0.010458049,0.010785471
1/2/2012,0,0.000988
1/3/2012,-0.003135808,0
1/4/2012,0.014433729,0.022899001
1/5/2012,0.000211443,-0.005508852
1/6/2012,0.002841936,-0.007797512
1/9/2012,-0.002420193,0.004516187
1/10/2012,0.002300825,-0.006619889
1/11/2012,0.008783778,0.015038468
1/12/2012,0.000356001,-0.00454656
1/13/2012,0.001810446,-0.001481255
1/16/2012,0,-0.004556337
1/17/2012,-0.003552599,0.003690133
1/18/2012,0.002658503,0.00646942
1/19/2012,0.011146695,0.00147522
1/20/2012,0.004908028,0.006804204
1/23/2012,0.000608638,-0.00219468
1/24/2012,0.000509334,0.009426387
1/25/2012,-0.001185398,-0.005309064
1/26/2012,0.009038348,-0.00502441
1/27/2012,-0.00605455,0.012615795
1/30/2012,-0.001585409,-0.010646775
1/31/2012,-0.001998241,-0.010883388
2/1/2012,-0.000822271,0.001851493
2/2/2012,0.008983229,0.019202354
2/3/2012,0.001487624,0.000932513
2/6/2012,0.013655444,0.018115629
2/7/2012,7.45E-06,-0.001508177
2/8/2012,0.002015936,-0.000322526
2/9/2012,0.002175089,-0.002444681
2/10/2012,0.000918532,0.003335676
2/13/2012,-0.006031559,-0.007310677
2/14/2012,0.006135236,0.009107425
2/15/2012,-0.000577244,-0.000982152
2/16/2012,-0.005857028,-0.001305057
2/17/2012,0.011507492,-0.001154118
2/20/2012,0,0.003347299
2/21/2012,0.002326784,0.006807625
2/22/2012,0.000653836,-0.002876156
2/23/2012,-0.003362398,-0.001956766
2/24/2012,0.004368177,0.003600007
2/27/2012,0.001276158,-0.000471514
2/28/2012,0.001728763,-0.003285539
2/29/2012,0.003392825,0.002079215
3/1/2012,-0.004591114,-0.009514314
3/2/2012,0.005996004,0.010184758
3/5/2012,-0.003274895,-0.003405612
3/6/2012,-0.004351639,-0.006141038
3/7/2012,-0.014842729,-0.018553824
3/8/2012,0.006893017,0.004439991
3/9/2012,0.009847297,0.0117934
3/12/2012,0.00352135,0.004744237
3/13/2012,0.000831654,0.000900179
3/14/2012,0.01751553,0.010708
3/15/2012,-0.001275051,-0.001762958
3/16/2012,0.006010748,-0.000790478
3/19/2012,0.001155036,0.004191409
3/20/2012,0.003859876,-0.000754325
3/21/2012,-0.002887326,-0.011692505
3/22/2012,-0.001871197,0.00010186
3/23/2012,-0.007206542,-0.00785808
3/26/2012,0.003108859,0.001573756
3/27/2012,0.013914483,0.008164152
3/28/2012,-0.002844961,-0.00560762
3/29/2012,-0.00504772,-0.0103244
3/30/2012,-0.001479985,-0.011533827
4/2/2012,0.003676958,0.004615117
4/3/2012,0.007462005,0.018444986
4/4/2012,-0.004150879,-0.00622991
4/5/2012,-0.010119615,-0.023037529
4/6/2012,0,0.003488971
4/9/2012,-0.000958034,0
4/10/2012,-0.010926973,0
4/11/2012,-0.016785131,-0.022380644
4/12/2012,0.007203961,0.00698765
4/13/2012,0.013764157,0.013452323
4/16/2012,-0.012496282,-0.010279344
4/17/2012,-0.000510902,0.002565554
4/18/2012,0.015486674,0.017771773
4/19/2012,-0.004098472,-0.003762822
4/20/2012,-0.005862474,-0.000121788
4/23/2012,0.001140243,0.004804529
4/24/2012,-0.008385787,-0.018467845
4/25/2012,0.003760152,0.0077485
4/26/2012,0.01350477,0.001646362
4/27/2012,0.006867289,0.005210844
4/30/2012,0.002192608,0.00494023
5/1/2012,-0.003848199,-0.006802772
5/2/2012,0.005465508,0.012966711
5/3/2012,-0.002262578,-0.009308024
5/4/2012,-0.007708609,0.001476181
5/7/2012,-0.016327565,-0.019335483
5/8/2012,0.000270308,0
5/9/2012,-0.004353094,-0.017771569
5/10/2012,-0.006323353,-0.004410759
5/11/2012,0.002605996,0.002513499
5/14/2012,-0.004550391,0.005681818
5/15/2012,-0.010037552,-0.019729172
5/16/2012,-0.005663615,-0.00510473
5/17/2012,-0.004478639,-0.005940174
5/18/2012,-0.014922705,-0.012376724
5/21/2012,-0.007141541,-0.013262364
5/22/2012,0.015713139,0.007005069
5/23/2012,-5.31E-05,0.018625658
5/24/2012,0.002051603,-0.025336351
5/25/2012,0.001584937,0.015893247
5/28/2012,0,0.001158802
5/29/2012,-0.001446108,0
5/30/2012,0.009363845,0.006497077
5/31/2012,-0.01364134,-0.017399101
6/1/2012,-0.002452209,0.004455118
6/4/2012,-0.024109229,-0.01140779
6/5/2012,-0.000367751,0
6/6/2012,0.006096351,0
6/7/2012,0.023755291,0.023554218
6/8/2012,-0.000881384,0.011831078
6/11/2012,0.008159743,-0.002331163
6/12/2012,-0.012310252,-0.000496807
6/13/2012,0.011165415,0.007602587
6/14/2012,-0.00690323,0.001845116
6/15/2012,0.010883074,-0.00304528
6/18/2012,0.009953508,0.002140021
6/19/2012,0.0017952,0.002245071
6/20/2012,0.009822865,0.017337092
6/21/2012,-0.001921877,0.006444337
6/22/2012,-0.021771695,-0.009942533
6/25/2012,0.006772641,-0.009467467
6/26/2012,-0.015589226,-0.011426084
6/27/2012,0.005037703,-0.000678848
6/28/2012,0.008185036,0.014117845
6/29/2012,-0.001051448,-0.005575735
7/2/2012,0.024215831,0.014217854
7/3/2012,0.002510437,0.012456903
7/4/2012,0,0.008350193
7/5/2012,0.0058356,-0.000562652
7/6/2012,-0.004826315,0.001424945
7/9/2012,-0.009092256,-0.00527
7/10/2012,-0.001254981,-0.006233937
7/11/2012,-0.008544182,0.006539601
7/12/2012,-8.20E-05,7.06E-05
7/13/2012,-0.004831155,-0.009921475
7/16/2012,0.016249459,0.010306206
7/17/2012,-0.00207884,-0.000653041
7/18/2012,0.007313325,-0.005880864
7/19/2012,0.006915659,0.010072606
7/20/2012,0.002549144,0.004994968
7/23/2012,-0.010294182,-0.010920232
7/24/2012,-0.008676209,-0.020860594
7/25/2012,-0.009011376,-0.006270389
7/26/2012,-0.000134443,-0.000163731
7/27/2012,0.016350691,0.013622464
7/30/2012,0.019035985,0.009689227
7/31/2012,-0.00048337,0.011799812
8/1/2012,-0.004295244,-0.010239619
8/2/2012,-0.003037686,0.013752596
8/3/2012,-0.007039373,-0.008839799
8/6/2012,0.018741139,0.022075836
8/7/2012,0.002458536,0.003715031
8/8/2012,0.00485494,0.005577812
8/9/2012,0.000735089,0.000804579
8/10/2012,0.000228165,0.000957953
8/13/2012,0.002345705,-0.000751927
8/14/2012,-0.001074075,-0.002599613
8/15/2012,-0.000334651,0.00564137
8/16/2012,0.001196626,-0.005422147
8/17/2012,0.007306658,0.000257158
8/20/2012,0.001419659,0.003067941
8/21/2012,0.000197503,-0.004784362
8/22/2012,-0.003554004,0.005683006
8/23/2012,0.000283085,-0.014221051
8/24/2012,-0.008135891,0.000415625
8/27/2012,0.006519315,0
8/28/2012,-0.000489015,0
8/29/2012,-0.000794075,-0.000155784
8/30/2012,0.000539274,-0.005575115
8/31/2012,-0.007098895,-0.004178637
9/3/2012,0,-0.001398724
9/4/2012,0.004621264,0.008211486
9/5/2012,-0.001137613,-0.015004151
9/6/2012,-0.000854094,-0.002485913
9/7/2012,0.020217423,0.021103219
9/10/2012,0.004049974,0.003029097
9/11/2012,-0.006113024,-0.000276042
9/12/2012,0.003099826,-0.000172616
9/13/2012,0.002092692,-0.001743741
9/14/2012,0.016365405,0.006537383
9/17/2012,0.003664275,0.016443615
9/18/2012,-0.002886614,-0.003735901
9/19/2012,-0.001156551,-0.004292832
9/20/2012,0.001062041,0.00345929
9/21/2012,-0.000486009,-0.005756967
9/24/2012,-0.000397138,-0.000341612
9/25/2012,-0.001931871,-0.002357976
9/26/2012,-0.010528894,0.00357957
9/27/2012,-0.005715865,-0.015632216
9/28/2012,0.009606812,0.001959017
10/1/2012,-0.004305059,-0.006453923
10/2/2012,0.00283848,0.013653524
10/3/2012,0.00073361,-0.001889872
10/4/2012,0.003478377,0.002805716
10/5/2012,0.007111992,0.000343301
10/8/2012,-0.000321589,0.00741278
10/9/2012,-0.003443032,-0.004990599
10/10/2012,-0.009904556,-0.005375214
10/11/2012,-0.006007738,-0.005782767
10/12/2012,1.40E-05,0.009192031
10/15/2012,-0.002854447,-0.006260935
10/16/2012,0.00809103,0.002123193
10/17/2012,0.009657582,0.011178845
10/18/2012,0.004621014,0.00688185
10/19/2012,-0.00246415,0.001048943
10/22/2012,-0.016557568,-0.003532119
10/23/2012,0.00036982,-0.00225574
10/24/2012,-0.014326195,-0.014448657
10/25/2012,-0.002448317,0.001190069
10/26/2012,0.002291189,5.17E-05
10/29/2012,0,0.000275637
10/30/2012,0,-0.001997709
10/31/2012,-0.00140129,0.009456231
11/1/2012,0.000857526,-0.011487326
11/2/2012,0.010897901,0.013695973
11/5/2012,-0.009505493,0.001143007
11/6/2012,0.002291333,-0.005026752
11/7/2012,0.007768518,0.007843641
11/8/2012,-0.023622977,-0.015854102
11/9/2012,-0.012176131,-0.00267629
11/12/2012,0.001676844,-0.001107997
11/13/2012,0.000123233,-0.000416034
11/14/2012,-0.003905723,0.003294436
11/15/2012,-0.013989103,-0.011112422
11/16/2012,-0.001512493,-0.007724606
11/19/2012,0.004817654,-0.012716142
11/20/2012,0.019810528,0.023565737
11/21/2012,0.000699509,0.001812556
11/22/2012,0,0.000678468
11/23/2012,0.00233464,0.00678025
11/26/2012,0.013026315,0.004852374
11/27/2012,-0.002029582,-0.005567854
11/28/2012,-0.005347417,0.002246531
11/29/2012,0.007999844,0.000620654
11/30/2012,0.004248341,0.011545156
12/3/2012,0.000275444,-0.000596222
12/4/2012,-0.004857594,0.00075005
12/5/2012,-0.001709812,-0.000374744
12/6/2012,0.001691486,0.003935951
12/7/2012,0.003206897,0.001578351
12/10/2012,0.00291382,0.002202867
12/11/2012,0.000338561,0.001217401
12/12/2012,0.006548882,0.000574153
12/13/2012,0.00044824,0.00352741
12/14/2012,-0.006321425,-0.002741352
12/17/2012,-0.004163523,-0.001315484
12/18/2012,0.011976974,-0.001621063
12/19/2012,0.011408886,0.00400861
12/20/2012,-0.007589201,0.004329621
12/21/2012,0.005474251,-0.000553592
12/24/2012,-0.009365034,-0.003071313
12/25/2012,0,0.002390605
12/26/2012,-0.002440297,0
12/27/2012,-0.00478746,0
12/28/2012,-0.001218442,1.67E-05
12/31/2012,-0.011049942,-0.004853619
1/1/2013,0,-0.00465793
1/2/2013,0.016941941,0
1/3/2013,0.02540342,0.021974313
1/4/2013,-0.002085617,0.003301573
1/7/2013,0.004865096,0.00702793
1/8/2013,-0.003123116,-0.004138019
1/9/2013,-0.003242371,-0.001813805
1/10/2013,0.002655866,0.007450128
1/11/2013,0.007597415,0.000459082
1/14/2013,-4.75E-05,0.003294288
1/15/2013,-0.000937471,-0.002238009
1/16/2013,0.001128677,0.001538975
1/17/2013,0.000203792,-0.00217413
1/18/2013,0.005649719,0.004652671
1/21/2013,0,0.003587503
1/22/2013,0.003396488,0.004322127
1/23/2013,0.004428107,-0.000291183
1/24/2013,0.001507477,0.002977716
1/25/2013,6.61E-06,0.010859011
1/28/2013,0.005445482,0.003128557
1/29/2013,-0.001849622,0.001575289
1/30/2013,0.005105995,0.007117484
1/31/2013,-0.003899621,-0.002539768
2/1/2013,-0.002563301,-0.007306573
2/4/2013,0.010052706,0.011199843
2/5/2013,-0.011538745,-0.01581806
2/6/2013,0.01041651,0.005762951
2/7/2013,0.000549171,0.001989559
2/8/2013,-0.001805399,-0.01062696
2/11/2013,0.005657941,0.005699698
2/12/2013,-0.000606117,0.002107345
2/13/2013,0.001595272,0.009765625
2/14/2013,0.000592263,0.003265839
2/15/2013,0.000690672,-0.004985013
2/18/2013,0,0.000142223
2/19/2013,-0.001045081,-0.001595944
2/20/2013,0.007336475,0.009638805
2/21/2013,-0.012404138,0.002555189
2/22/2013,-0.006303057,-0.016246037
2/25/2013,0.008772468,0.007025383
2/26/2013,-0.018309581,0.003109318
2/27/2013,0.006109464,-0.013374453
2/28/2013,0.012725994,0.00885111
3/1/2013,-0.00086408,0.005516986
3/4/2013,0.002323855,0.002798436
3/5/2013,0.004610723,-0.005173549
3/6/2013,0.009566016,0.013615718
3/7/2013,0.001084513,-0.000684064
3/8/2013,0.001816491,0.001804732
3/11/2013,0.004461693,0.006895251
3/12/2013,0.003268508,0.003084706
3/13/2013,-0.002403253,0.001076327
3/14/2013,0.001314052,-0.004469649
3/15/2013,0.005590112,0.00739025
3/18/2013,-0.001605677,-0.006080146
3/19/2013,-0.005510332,-0.004900117
3/20/2013,-0.002422531,-0.00257051
3/21/2013,0.006697492,-0.001335074
3/22/2013,-0.008218294,-0.006855612
3/25/2013,0.007109121,0.000657375
3/26/2013,-0.003340039,-0.002252519
3/27/2013,0.007772209,0.003292362
3/28/2013,-0.000569154,-0.001843892
3/29/2013,0,0.00377295
4/1/2013,0.004043912,0
4/2/2013,-0.004467307,0
4/3/2013,0.005172264,0.012321225
4/4/2013,-0.010546129,-0.010846348
4/5/2013,0.004048452,-0.011868559
4/8/2013,-0.004307729,-0.01486425
4/9/2013,0.006341485,0.004336155
4/10/2013,0.003518626,0.005783156
4/11/2013,0.012189133,0.011753105
4/12/2013,0.003508196,0.004493252
4/15/2013,-0.002799274,-0.004940726
4/16/2013,-0.022960135,-0.006390547
4/17/2013,0.014307223,-0.006147929
4/18/2013,-0.014314967,-0.009580291
4/19/2013,-0.006713816,-8.01E-05
4/22/2013,0.008847902,0.00687091
4/23/2013,0.00466163,-0.000954411
4/24/2013,0.010419219,0.019982167
4/25/2013,9.50E-05,0.004011755
4/26/2013,0.003945698,0.001679202
4/29/2013,-0.001779043,-0.002514543
4/30/2013,0.007103398,0.004917232
5/1/2013,0.002491304,-0.004320208
5/2/2013,-0.009251685,0.003296948
5/3/2013,0.009369622,0.001457131
5/6/2013,0.010515804,0.009410714
5/7/2013,0.001951204,0
5/8/2013,0.005192978,0.005489505
5/9/2013,0.004145263,0.003995577
5/10/2013,-0.003674917,0.001397463
5/13/2013,0.003325793,0.004899329
5/14/2013,0.001010982,0.001026386
5/15/2013,0.009413928,0.008187867
5/16/2013,0.005421005,0.00112173
5/17/2013,-0.00338948,-0.000866543
5/20/2013,0.008024455,0.005278312
5/21/2013,0.000294163,0.004834079
5/22/2013,0.001914574,0.007149595
5/23/2013,-0.010644618,0.005349859
5/24/2013,-0.002997028,-0.020978613
5/27/2013,0,-0.006346315
5/28/2013,0.003619402,0
5/29/2013,0.002384043,0.016185053
5/30/2013,-0.00448513,-0.019934902
5/31/2013,0.00181306,0.00449659
6/3/2013,-0.012359829,-0.011101082
6/4/2013,0.005527955,-0.008810439
6/5/2013,-0.007118741,0.005134021
6/6/2013,-0.012129775,-0.021239333
6/7/2013,0.009929832,-0.012960869
6/10/2013,0.011936493,0.011978962
6/11/2013,-0.003666407,-0.001793512
6/12/2013,-0.005309326,-0.009436747
6/13/2013,-0.010914462,-0.0064037
6/14/2013,0.014496166,0.000809604
6/17/2013,-0.002983763,0.000586827
6/18/2013,0.005599032,0.003519204
6/19/2013,0.007354651,0.006903119
6/20/2013,-0.016472616,-0.003984875
6/21/2013,-0.022159028,-0.029816628
6/24/2013,9.44E-05,-0.00702976
6/25/2013,-0.007080949,-0.014240884
6/26/2013,0.009350119,0.012074738
6/27/2013,0.008899195,0.010422999
6/28/2013,0.002913308,0.012634807
7/1/2013,-0.000831698,-0.004468703
7/2/2013,0.002801631,0.01484994
7/3/2013,-0.00174074,-0.000618267
7/4/2013,0,-0.011738765
7/5/2013,0.004449353,0.030787059
7/8/2013,0.009606726,-0.007194387
7/9/2013,0.005317626,0.011701058
7/10/2013,0.005277312,0.00976729
7/11/2013,0.003542091,-0.001243662
7/12/2013,0.010769801,0.005903136
7/15/2013,0.002584647,0.000229239
7/16/2013,0.001851634,0.006295008
7/17/2013,-0.002846566,-0.004509527
7/18/2013,0.001871384,0.002364102
7/19/2013,0.003033804,0.009510187
7/22/2013,0.00489874,-0.000557655
7/23/2013,0.001310173,-0.001131102
7/24/2013,-0.000335928,-0.003895442
7/25/2013,-0.006397237,0.003486222
7/26/2013,0.001246193,-0.004893949
7/29/2013,0.001783838,-0.005039495
7/30/2013,-0.001419792,0.00083908
7/31/2013,-9.48E-05,0.001631053
8/1/2013,0.000983572,0.007624425
8/2/2013,0.00987317,0.009197853
8/5/2013,0.001119532,-0.005103277
8/6/2013,-0.001299741,-0.004256954
8/7/2013,-0.006149637,-0.00232641
8/8/2013,-0.001150282,-0.014081947
8/9/2013,0.001624,0.002841258
8/12/2013,-0.004557503,0.008223916
8/13/2013,0.001350432,-0.001382279
8/14/2013,0.001910496,0.005719255
8/15/2013,-0.008424457,-0.00370544
8/16/2013,-0.010948979,-0.015802911
8/19/2013,-0.003593727,0.002575879
8/20/2013,-0.005098892,-0.005276893
8/21/2013,0.002337838,-0.00188691
8/22/2013,-0.00341076,-0.009715688
8/23/2013,0.009051515,0.008778259
8/26/2013,0.002632654,0.007011152
8/27/2013,-0.007060067,0
8/28/2013,-0.01348835,-0.00787112
8/29/2013,0.001993559,-0.001692269
8/30/2013,0.003299672,0.008242484
9/2/2013,0,-0.010828183
9/3/2013,-0.001793936,0.014548846
9/4/2013,0.002915749,-0.005809888
9/5/2013,0.007655212,0.000974011
9/6/2013,0.002516157,0.008911564
9/9/2013,-0.00035595,0.002280923
9/10/2013,0.011020919,-0.002535337
9/11/2013,0.003540098,0.008161423
9/12/2013,0.00486004,0.000668272
9/13/2013,-0.002468563,9.11E-05
9/16/2013,0.003952376,-0.000789224
9/17/2013,0.003564479,0.005938835
9/18/2013,0.004718071,-0.007957195
9/19/2013,0.012663111,-0.001735166
9/20/2013,-0.002836746,0.010154312
9/23/2013,-0.006386289,-0.004377094
9/24/2013,-0.005165221,-0.005912316
9/25/2013,-0.002689978,0.002150257
9/26/2013,-0.002338,-0.003043445
9/27/2013,0.000867726,0.002152194
9/30/2013,-0.004871667,-0.008057131
10/1/2013,-0.002874468,-0.00775408
10/2/2013,0.005640712,-0.000340472
10/3/2013,0.000265944,-0.003482972
10/4/2013,-0.00801249,0.001786408
10/7/2013,0.004979768,0.000759793
10/8/2013,-0.006478412,-0.002572103
10/9/2013,-0.01147223,-0.011107142
10/10/2013,0.002347639,-0.00438278
10/11/2013,0.018189129,0.014610533
10/14/2013,0.005186016,0.008817385
10/15/2013,0.005476956,0.003160069
10/16/2013,-0.00507852,0.006361679
10/17/2013,0.011573166,0.003435587
10/18/2013,0.009621099,0.000699997
10/21/2013,0.004882756,0.007055731
10/22/2013,0.000733457,0.004771555
10/23/2013,0.003315262,0.006236662
10/24/2013,-0.002733619,-0.00316624
10/25/2013,0.004881332,0.005798216
10/28/2013,0.001941922,0.00120652
10/29/2013,0.001994981,0.000669513
10/30/2013,0.005297979,0.007270569
10/31/2013,-0.005095177,0.000442824
11/1/2013,-0.002574828,-0.006831269
11/4/2013,0.00267247,0.000490283
11/5/2013,0.001287297,0.004291194
11/6/2013,-0.000379484,-0.002483928
11/7/2013,0.003252119,-0.000755856
11/8/2013,-0.012633134,-0.006600709
11/11/2013,0.012348625,0.001672297
11/12/2013,-0.000254215,0.002981337
11/13/2013,-0.002904767,-0.000237813
11/14/2013,0.010417319,-0.014390172
11/15/2013,0.004436985,0.005444962
11/18/2013,0.00455693,0.004095319
11/19/2013,-0.004463986,0.004496982
11/20/2013,-0.000670136,-0.003792668
11/21/2013,-0.003391808,-0.002523127
11/22/2013,0.007675799,2.99E-05
11/25/2013,0.00507453,-0.0010477
11/26/2013,-0.001915465,0.003041561
11/27/2013,0.000338341,-0.008723434
11/28/2013,0,0.00200413
11/29/2013,0.002888838,0.000751936
12/2/2013,-0.001183117,-0.000586055
12/3/2013,-0.003570382,-0.008315083
12/4/2013,-0.00386087,-0.00953708
12/5/2013,-0.000184077,-0.003429046
12/6/2013,-0.002487679,-0.001797265
12/9/2013,0.009981198,0.00826373
12/10/2013,0.000769575,0.001144689
12/11/2013,-0.002677565,-0.005518743
12/12/2013,-0.011676567,-0.002391368
12/13/2013,-0.002093484,-0.009588701
12/16/2013,-0.000281218,-0.000822274
12/17/2013,0.005057717,0.012764005
12/18/2013,-0.002804419,-0.00551961
12/19/2013,0.015459252,0.000909608
12/20/2013,0.000768388,0.014263504
12/23/2013,0.006921177,0.003325877
12/24/2013,0.002797696,0.013259482
12/25/2013,0,0
12/26/2013,0.003796425,0
12/27/2013,0.004365223,0
12/30/2013,-0.000813904,0.008469975
12/31/2013,0.000619079,-0.000266602
1/1/2014,0,0
1/2/2014,0.001763802,0
1/3/2014,-0.006853187,-0.004622867
1/6/2014,-0.000490889,0.001905401
1/7/2014,-0.001964786,0
1/8/2014,0.005025435,0.00368458
1/9/2014,0.000598496,-0.004988557
1/10/2014,0.000576432,-0.004537475
1/13/2014,0.000652126,0.007263177
1/14/2014,-0.01080783,0.002566847
1/15/2014,0.010519631,0.001435462
1/16/2014,0.00405862,0.007832242
1/17/2014,-0.002034648,-0.000659834
1/20/2014,0,0.002039484
1/21/2014,-0.00172426,0.001083624
1/22/2014,0.001987948,-0.000351104
1/23/2014,-0.001311817,-0.001170566
1/24/2014,-0.008321208,-0.007764089
1/27/2014,-0.019666513,-0.016181125
1/28/2014,-0.00448347,-0.016957546
1/29/2014,0.004010109,0.003297298
1/30/2014,-0.007250778,-0.004260305
1/31/2014,0.00771449,-0.000886238
2/3/2014,-0.004578727,-0.004297637
2/4/2014,-0.0217987,-0.006865893
2/5/2014,0.005482251,-0.002536522
2/6/2014,-0.000222436,0.001333493
2/7/2014,0.01313186,0.015546835
2/10/2014,0.011368146,0.002043272
2/11/2014,0.002366106,0.003028121
2/12/2014,0.010925071,0.012303552
2/13/2014,-0.002911923,0.000344659
2/14/2014,0.007515905,-0.002337093
2/17/2014,0,0.000630717
2/18/2014,0.005780859,0.010864983
2/19/2014,-7.07E-05,0.008966731
2/20/2014,-0.005253159,4.42E-05
2/21/2014,0.006467143,0.002398194
2/24/2014,-0.002330122,0.003684148
2/25/2014,0.005923412,0.003597505
2/26/2014,-0.001012088,-0.004692059
2/27/2014,-0.000482186,-0.004582359
2/28/2014,0.00553958,0.001632488
3/3/2014,0.001379996,-8.80E-05
3/4/2014,-0.004548724,-0.014875881
3/5/2014,0.01342184,0.017202299
3/6/2014,6.94E-05,-0.007092808
3/7/2014,0.002315661,0.00193348
3/10/2014,-0.000351359,-0.011165914
3/11/2014,0.000213021,-0.003456164
3/12/2014,-0.006447449,-0.000597952
3/13/2014,0.001559378,-0.009662717
3/14/2014,-0.012835389,-0.010134589
3/17/2014,-0.001224825,-0.003951891
3/18/2014,0.008742076,0.006204139
3/19/2014,0.007170807,0.005617792
3/20/2014,-0.006494877,-0.004874829
3/21/2014,0.007763099,-0.004670581
3/24/2014,-0.003659576,0.002262212
3/25/2014,-0.004385177,-0.005612196
3/26/2014,0.004092534,0.012959328
3/27/2014,-0.00802317,6.05E-05
3/28/2014,-0.001101468,-0.002573691
3/31/2014,0.004913375,0.004143754
4/1/2014,0.007960545,-0.002599945
4/2/2014,0.006750424,0.008214142
4/3/2014,0.002554883,0.000962015
4/4/2014,-0.000623895,-0.001486695
4/7/2014,-0.013929351,0.006993428
4/8/2014,-0.009893162,-0.010872856
4/9/2014,0.003879768,-0.004846834
4/10/2014,0.010601096,0.006812615
4/11/2014,-0.022234924,0.00096448
4/14/2014,-0.006811772,-0.012089703
4/15/2014,0.007298451,0.00336797
4/16/2014,0.007950017,-0.006409628
4/17/2014,0.008515648,0.006512183
4/18/2014,0,0.006242157
4/21/2014,0.002180799,0
4/22/2014,0.0036338,0
4/23/2014,0.003604672,0.008527916
4/24/2014,0.001410098,-0.001062529
4/25/2014,-0.002258272,0.004239862
4/28/2014,-0.006774157,-0.002580905
4/29/2014,0.003099211,0.002168808
4/30/2014,0.003378241,0.010402631
5/1/2014,0.003883671,0.001491912
5/2/2014,0.000482933,0.004262522
5/5/2014,-0.003103006,0.001982699
5/6/2014,0.002255974,0
5/7/2014,-0.008047987,-0.00348848
5/8/2014,0.004741687,-0.000323625
5/9/2014,-0.001129225,0.006312151
5/12/2014,0.002538306,-0.003611438
5/13/2014,0.008893459,0.005458825
5/14/2014,0.000200345,0.003108715
5/15/2014,-0.004728179,0.000785657
5/16/2014,-0.008987635,-0.005466322
5/19/2014,0.002923323,0.002178062
5/20/2014,0.004380106,-0.001633611
5/21/2014,-0.006122426,-0.006223899
5/22/2014,0.007927005,0.002793296
5/23/2014,0.00271689,-5.86E-05
5/26/2014,0,-0.000703793
5/27/2014,0.004589855,0
5/28/2014,0.005131419,0.004269506
5/29/2014,-0.000612021,0.000920436
5/30/2014,0.005092631,0.002933736
6/2/2014,0.001843454,-0.003900253
6/3/2014,-0.000415854,0.002863627
6/4/2014,-5.14E-06,-0.0040501
6/5/2014,0.002839205,-0.002589077
6/6/2014,0.007202422,-0.000747968
6/9/2014,0.003377215,0.006560534
6/10/2014,0.000702933,0.002449594
6/11/2014,-0.000497334,-0.000203622
6/12/2014,-0.003088187,-0.005048329
6/13/2014,-0.006457883,0.000614162
6/16/2014,0.002092354,-0.009527874
6/17/2014,0.001193927,-0.003437614
6/18/2014,0.002880498,0.001806133
6/19/2014,0.007602714,0.001743851
6/20/2014,0.001506999,0.004351931
6/23/2014,0.001259962,0.002511728
6/24/2014,-0.00048401,-0.003604304
6/25/2014,-0.006473061,-0.001985119
6/26/2014,0.005448191,-0.007882601
6/27/2014,-0.001699053,0.000222763
6/30/2014,0.002161948,0.003370359
7/1/2014,0.000764998,-0.002056868
7/2/2014,0.005488495,0.008748647
7/3/2014,0.001429225,0.001984448
7/4/2014,0,0.007159247
7/7/2014,0.004220887,0.000131082
7/8/2014,-0.003946113,-0.00620441
7/9/2014,-0.005712455,-0.01245695
7/10/2014,0.000798976,-0.00304222
7/11/2014,-0.000462728,-0.006787749
7/14/2014,0.002085695,0.00266775
7/15/2014,0.003807377,0.00835549
7/16/2014,-0.000510787,-0.005277137
7/17/2014,0.001720355,0.011057327
7/18/2014,-0.009198111,-0.006838974
7/21/2014,0.007845884,0.001662169
7/22/2014,-0.000647483,-0.003126172
7/23/2014,0.004894552,0.009942914
7/24/2014,0.001385167,0.000426823
7/25/2014,-0.001745397,0.003427349
7/28/2014,-0.003199625,-0.004383186
7/29/2014,0.0008998,-0.000515342
7/30/2014,-0.003444427,0.002902094
7/31/2014,-0.004089755,-0.005053013
8/1/2014,-0.017983434,-0.006392625
8/4/2014,-0.001647867,-0.007563023
8/5/2014,0.00504509,-0.000254551
8/6/2014,-0.009838111,0.000748783
8/7/2014,0.002993804,-0.006928515
8/8/2014,-0.006593789,-0.005846763
8/11/2014,0.012081597,-0.004547246
8/12/2014,0.001189558,0.009958264
8/13/2014,-6.72E-05,-6.03E-05
8/14/2014,0.006101498,0.003663876
8/15/2014,0.005884719,0.004296364
8/18/2014,-0.000260359,0.000568455
8/19/2014,0.00733777,0.007803697
8/20/2014,0.003918418,0.005636895
8/21/2014,0.003211368,-0.003510658
8/22/2014,0.002909186,0.00328624
8/25/2014,-0.00043159,-0.00035416
8/26/2014,0.003439192,0
8/27/2014,0.000975725,0.00701076
8/28/2014,-0.001559576,0.00115794
8/29/2014,0.000515619,-0.003645364
9/1/2014,0,0.002057069
9/2/2014,0.002812177,0.000806475
9/3/2014,-0.000249492,0.000571461
9/4/2014,-0.000948259,0.006501479
9/5/2014,-0.001833491,0.000640116
9/8/2014,0.004589612,-0.003329442
9/9/2014,-0.003208529,-0.002961342
9/10/2014,-0.006157726,-0.00084857
9/11/2014,0.00223291,0.000161092
9/12/2014,0.001951986,-0.004465528
9/15/2014,-0.00535871,0.001088285
9/16/2014,-0.002069437,-0.000411313
9/17/2014,0.008764182,-0.001763617
9/18/2014,0.001885609,-0.001663716
9/19/2014,0.004827612,0.005662951
9/22/2014,-0.001818434,0.002727567
9/23/2014,-0.00811313,-0.009403443
9/24/2014,-0.004737133,-0.014394118
9/25/2014,0.007048706,0.004523555
9/26/2014,-0.015570853,-0.009930902
9/29/2014,0.006479433,0.001460865
9/30/2014,-0.000378987,-0.000421061
10/1/2014,-0.003422296,-0.003595809
10/2/2014,-0.012990497,-0.009844956
10/3/2014,0.001176896,-0.016942447
10/6/2014,0.011236482,0.012642716
10/7/2014,-0.003883241,0.005484198
10/8/2014,-0.013662089,-0.01037526
10/9/2014,0.016599935,-0.00206292
10/10/2014,-0.021370369,-0.007759756
10/13/2014,-0.010375815,-0.014288142
10/14/2014,-0.014976538,0.004132523
10/15/2014,-0.001560874,0.004162609
10/16/2014,-0.009726975,-0.028329202
10/17/2014,0.004827761,-0.002527561
10/20/2014,0.011105072,0.018463807
10/21/2014,0.012600635,-0.006845904
10/22/2014,0.016712249,0.016786026
10/23/2014,-0.005290307,0.004299922
10/24/2014,0.010652373,0.003047018
10/27/2014,0.005831145,-0.004751371
10/28/2014,0.000596058,-0.003944495
10/29/2014,0.009749827,0.00608159
10/30/2014,-0.001916033,0.008075303
10/31/2014,0.010967452,0.001502997
11/3/2014,0.008499905,0.012825655
11/4/2014,-0.001189124,-0.008936073
11/5/2014,-0.000257971,-0.005240444
11/6/2014,0.003989459,0.013185636
11/7/2014,0.004462954,0.001850422
11/10/2014,-0.000172202,0.002442301
11/11/2014,0.003046216,0.006715131
11/12/2014,-0.000220759,0.002435239
11/13/2014,0.000716457,-0.002474561
11/14/2014,0.000259919,0.003705945
11/17/2014,-0.000710851,0.002848301
11/18/2014,0.001565009,0.002644881
11/19/2014,0.004741625,0.005560566
11/20/2014,-0.002578988,-0.001863141
11/21/2014,0.005665055,-0.002643161
11/24/2014,0.003698788,0.010765231
11/25/2014,0.002459885,-0.003110743
11/26/2014,-0.001347629,0.000193214
11/27/2014,0,-0.000282257
11/28/2014,0.003589081,-0.000861959
12/1/2014,-0.004337809,-0.000118958
12/2/2014,-0.005813789,-0.009847409
12/3/2014,0.006660888,0.012874857
12/4/2014,0.002993998,-0.003782204
12/5/2014,-0.000414664,-0.005538546
12/8/2014,0.000993863,0.009491856
12/9/2014,-0.008815156,-0.01047037
12/10/2014,0.001123269,-0.021387277
12/11/2014,-0.015027764,-0.004517957
12/12/2014,0.001203174,-0.005892278
12/15/2014,-0.012475599,-0.024931534
12/16/2014,-0.009137054,-0.018712488
12/17/2014,-0.006513251,0.024115614
12/18/2014,0.022905384,0.000742316
12/19/2014,0.020832331,0.02043715
12/22/2014,0.003997977,0.012264121
12/23/2014,0.005895747,0.004797395
12/24/2014,0.000850366,0.00504808
12/25/2014,0,0
12/26/2014,0.000504044,0
12/29/2014,0.001597579,0
12/30/2014,0.000412002,0.003570417
12/31/2014,-0.003054783,-0.010160534
1/1/2015,0,0
1/2/2015,-0.011147444,0
1/5/2015,-0.002166186,-0.002787087
1/6/2015,-0.015717138,-0.019945572
1/7/2015,-0.008209072,-0.007900672
1/8/2015,0.012495294,0.008371916
1/9/2015,0.016172463,0.023396399
1/12/2015,-0.008393684,-0.010487048
1/13/2015,-0.007111009,4.61E-05
1/14/2015,-0.006487528,0.006275617
1/15/2015,-0.002303817,-0.023493655
1/16/2015,-0.010676598,0.017265368
1/19/2015,0,0.00792454
1/20/2015,0.014310458,0.00537383
1/21/2015,-0.000282106,0.005253982
1/22/2015,0.006984545,0.016298832
1/23/2015,0.014098182,0.01019621
1/26/2015,-0.006088309,0.005326149
1/27/2015,-0.001248494,0.002868531
1/28/2015,-0.007578653,-0.00595409
1/29/2015,-0.014707192,0.002099331
1/30/2015,0.008439674,-0.002241434
2/2/2015,-0.011231303,-0.008986021
2/3/2015,0.013041673,0.004918985
2/4/2015,0.012928273,0.013151256
2/5/2015,-0.002640569,-0.001717135
2/6/2015,0.009214847,0.000860044
2/9/2015,-0.004271999,-0.001820592
2/10/2015,-0.001991793,-0.002363748
2/11/2015,0.00935413,-0.00118471
2/12/2015,0.000691272,-0.001596096
2/13/2015,0.009082237,0.001451982
2/16/2015,0,0.00664898
2/17/2015,0.003681547,-0.002385961
2/18/2015,0.001283081,0.005979204
2/19/2015,4.29E-05,0
2/20/2015,-0.000762223,-0.001333729
2/23/2015,0.005806582,0.003817778
2/24/2015,-0.00034599,-0.000433827
2/25/2015,0.002939619,0.005410709
2/26/2015,-0.000657182,-0.002043311
2/27/2015,-0.001433377,0.002061928
3/2/2015,-0.002676563,-0.000431673
3/3/2015,0.005001843,-0.000878129
3/4/2015,-0.003800071,-0.007420108
3/5/2015,-0.004355385,0.004369235
3/6/2015,0.001129296,0.006055599
3/9/2015,-0.013641666,-0.007082256
3/10/2015,0.001877135,-0.00510718
3/11/2015,-0.015148281,-0.025259972
3/12/2015,-0.001755751,0.002789908
3/13/2015,0.011493843,0.005891557
3/16/2015,-0.00446098,-0.003032051
3/17/2015,0.012280142,0.009420526
3/18/2015,-0.003724905,0.004923502
3/19/2015,0.012470742,0.01573653
3/20/2015,-0.003988142,0.002462076
3/23/2015,0.008453214,0.008646596
3/24/2015,-0.001921285,0.002164499
3/25/2015,-0.005152164,-0.002557654
3/26/2015,-0.015842604,-0.004088522
3/27/2015,-0.002019434,-0.013689057
3/30/2015,0.004052028,-0.005844533
3/31/2015,0.009660309,0.005309978
4/1/2015,-0.007878969,-0.01718082
4/2/2015,-0.003675635,0.005389045
4/3/2015,0,0.003524488
4/6/2015,0.002349523,0
4/7/2015,0.00770989,0
4/8/2015,-0.001850306,0.018775123
4/9/2015,0.002094474,-0.003504827
4/10/2015,0.004910402,0.011243405
4/13/2015,0.005029868,0.010605226
4/14/2015,-0.004638373,-0.003596717
4/15/2015,0.002647848,0.001557125
4/16/2015,0.003880167,0.00303874
4/17/2015,-0.001604913,-0.005114954
4/20/2015,-0.008784432,-0.009333603
4/21/2015,0.008977434,0.008220627
4/22/2015,-0.002163784,0.001531431
4/23/2015,0.004260625,-0.004912955
4/24/2015,0.002652839,0.00362824
4/27/2015,0.003071748,0.002410083
4/28/2015,-0.005162078,0.004709548
4/29/2015,0.00196357,-0.010346284
4/30/2015,-0.00329941,-0.011976416
5/1/2015,-0.008615514,0.002058692
5/4/2015,0.010946784,0.003649097
5/5/2015,0.001137271,0
5/6/2015,-0.010115294,-0.008359562
5/7/2015,-0.005403464,0.00088055
5/8/2015,0.005851037,-0.006735249
5/11/2015,0.011199198,0.023203108
5/12/2015,-0.005998384,-0.002398238
5/13/2015,-0.001545507,-0.013670194
5/14/2015,0.000385696,0.002278735
5/15/2015,0.010302718,0.003367086
5/18/2015,-0.000362862,-0.001792629
5/19/2015,0.003841938,0.001206796
5/20/2015,-0.000779503,0.003759588
5/21/2015,-0.001052731,0.001744036
5/22/2015,0.002262971,0.000884819
5/25/2015,0,0.002595023
5/26/2015,-0.002356418,0
5/27/2015,-0.009509163,-0.011761053
5/28/2015,0.00814208,0.012131214
5/29/2015,-0.000758672,0.001080588
6/1/2015,-0.005668056,-0.008024542
6/2/2015,0.000839413,-0.0044098
6/3/2015,0.000108974,-0.003638445
6/4/2015,0.000810278,0.003204278
6/5/2015,-0.008170999,-0.013135718
6/8/2015,-0.001312593,-0.007960126
6/9/2015,-0.006342191,-0.002145622
6/10/2015,0.000986041,-0.005331398
6/11/2015,0.012070362,0.011326957
6/12/2015,0.00056496,0.002401123
6/15/2015,-0.007634818,-0.009026289
6/16/2015,-0.003385426,-0.010965512
6/17/2015,0.006304344,-5.96E-05
6/18/2015,0.001993028,-0.004396358
6/19/2015,0.009269207,0.00408643
6/22/2015,-0.004035746,0.000387617
6/23/2015,0.005046112,0.017167155
6/24/2015,0.000230783,0.001347804
6/25/2015,-0.006446421,0.001448434
6/26/2015,-0.003478665,-0.005405564
6/29/2015,-0.001897744,-0.00794671
6/30/2015,-0.017840183,-0.019722551
7/1/2015,0.002818789,-0.015029076
7/2/2015,0.00533625,0.013433537
7/3/2015,0,0.003313849
7/6/2015,-0.001963436,-0.006741602
7/7/2015,-0.002135988,-0.007607217
7/8/2015,0.003933227,-0.0158361
7/9/2015,-0.013442976,0.009094866
7/10/2015,0.001468491,0.014004637
7/13/2015,0.013294445,0.013947946
7/14/2015,0.009466181,0.009680238
7/15/2015,0.004424418,0.00234488
7/16/2015,0.000730219,0
7/17/2015,0.007699415,0.006322396
7/20/2015,2.35E-05,-0.003148665
7/21/2015,0.000329102,0.002007365
7/22/2015,-0.004390067,-0.002887165
7/23/2015,-0.001912015,-0.01503897
7/24/2015,-0.005638136,-0.001844796
7/27/2015,-0.011440201,-0.011299804
7/28/2015,-0.00358001,-0.011352884
7/29/2015,0.011565834,0.007716977
7/30/2015,0.005766973,0.011547938
7/31/2015,0.002287884,0.005715564
8/3/2015,-0.003367166,0.004108609
8/4/2015,-0.003235966,-0.001149845
8/5/2015,-0.001148846,-0.000299016
8/6/2015,0.002615405,0.009840547
8/7/2015,-0.00863496,-0.000784877
8/10/2015,-0.000782733,-0.004238873
8/11/2015,0.010418136,0.002634546
8/12/2015,-0.010253591,-0.010644012
8/13/2015,0.002445747,-0.013999521
8/14/2015,-0.001457221,-0.000441379
8/17/2015,0.0031443,-0.002679477
8/18/2015,0.005881246,-6.11E-05
8/19/2015,-0.002997183,-0.003663954
8/20/2015,-0.009104321,-0.018816145
8/21/2015,-0.020480566,-0.005559475
8/24/2015,-0.033887523,-0.028298138
8/25/2015,-0.034129745,-0.046673285
8/26/2015,-0.013345042,0.030921003
8/27/2015,0.037388877,-0.01678911
8/28/2015,0.022282637,0.035590012
8/31/2015,0.000337312,0.009027762
9/1/2015,-0.008375579,0
9/2/2015,-0.027191624,-0.03031417
9/3/2015,0.017881378,0.00409339
9/4/2015,-0.001553232,0.018213847
9/7/2015,0,-0.024410357
9/8/2015,-0.010504354,0.005229294
9/9/2015,0.022907643,0.011786994
9/10/2015,-0.015146205,0.013488212
9/11/2015,0.005078305,-0.011751516
9/14/2015,0.005949477,-0.00617304
9/15/2015,-0.004054936,-0.00542674
9/16/2015,0.011723208,0.008710515
9/17/2015,0.008751143,0.014924416
9/18/2015,-0.002841596,-0.006774577
9/21/2015,-0.014484921,-0.013399047
9/22/2015,0.000280517,0.000753608
9/23/2015,-0.009253654,-0.028303957
9/24/2015,-0.004338081,0.016240506
9/25/2015,0.000578866,-0.011720466
9/28/2015,-0.003486696,0.024742095
9/29/2015,-0.024507836,-0.024570322
9/30/2015,0.002784415,-0.008340416
10/1/2015,0.017227132,0.025790276
10/2/2015,0.001104365,0.001798189
10/5/2015,0.016942681,0.009468917
10/6/2015,0.016527429,0.027553002
10/7/2015,-0.002159455,0.004334137
10/8/2015,0.005887004,0.001612296
10/9/2015,0.009889605,0.006060208
10/12/2015,0.000953476,0.006494383
10/13/2015,-0.000322489,-0.007013497
10/14/2015,-0.005627775,-0.004536098
10/15/2015,-0.003588465,-0.011462673
10/16/2015,0.013974678,0.011021452
10/19/2015,0.003635692,0.006199978
10/20/2015,0.00068908,-0.004029507
10/21/2015,0.000167213,-0.001133402
10/22/2015,-0.0056996,0.000520056
10/23/2015,0.017958502,0.004394793
10/26/2015,0.008206306,0.010633172
10/27/2015,-0.003050522,-0.004205412
10/28/2015,-0.00109729,-0.008056755
10/29/2015,0.010583271,0.01138988
10/30/2015,0.000790051,-0.006523968
11/2/2015,-0.004421048,-0.00542539
11/3/2015,0.010510522,0.000109998
11/4/2015,0.003790593,0.003426749
11/5/2015,-0.004226365,0.004589856
11/6/2015,-0.001465415,-0.007484913
11/9/2015,-0.000972095,-0.001743955
11/10/2015,-0.009238999,-0.009222766
11/11/2015,0.002994416,-0.003161201
11/12/2015,-0.005337343,0.003489935
11/13/2015,-0.013342739,-0.018817887
11/16/2015,-0.011033756,-0.009775582
11/17/2015,0.015622511,0.004592795
11/18/2015,-0.000818014,0.01991408
11/19/2015,0.015453273,0.001627137
11/20/2015,-0.000422269,0.008106371
11/23/2015,0.003163904,0.000742539
11/24/2015,-0.002388229,-0.004593833
11/25/2015,0.00234124,-0.004488114
11/26/2015,0,0.009622109
11/27/2015,-0.000229733,0.008757258
11/30/2015,0.001019658,-0.002799878
12/1/2015,-0.003835587,-0.002996
12/2/2015,0.00901616,0.006230251
12/3/2015,-0.009991864,0.003940101
12/4/2015,-0.014163421,-0.022722656
12/7/2015,0.019100608,-0.005848637
12/8/2015,-0.008146703,-0.00237241
12/9/2015,-0.005893716,-0.014188126
12/10/2015,-0.006423472,-0.001385448
12/11/2015,-0.000322293,-0.006300308
12/14/2015,-0.016558648,-0.02222373
12/15/2015,0.006049585,-0.01322062
12/16/2015,0.010342845,0.024463272
12/17/2015,0.013320308,0.007212003
12/18/2015,-0.01588899,0.0068138
12/21/2015,-0.014964665,-0.008209766
12/22/2015,0.006407102,-0.002907954
12/23/2015,0.009415973,0.008003628
12/24/2015,0.010439756,0.028192862
12/25/2015,0,0
12/28/2015,-0.002786501,0
12/29/2015,0.001346127,0
12/30/2015,0.008153226,0.009592939
12/31/2015,-0.008063196,-0.011449703
1/1/2016,0,0
1/4/2016,-0.010865886,0
1/5/2016,-0.011981122,-0.023853372
1/6/2016,-0.001027952,0.007188153
1/7/2016,-0.013118201,-0.010395668
1/8/2016,-0.019820471,-0.019643002
1/11/2016,-0.010200556,-0.00700361
1/12/2016,0.000887775,-0.00686694
1/13/2016,0.006489167,0.009775604
1/14/2016,-0.025078034,0.005363254
1/15/2016,0.013215766,-0.007179971
1/18/2016,0,-0.019279527
1/19/2016,-0.014619039,-0.0041695
1/20/2016,-0.006607849,0.016764979
1/21/2016,-0.007845778,-0.034576592
1/22/2016,0.008563205,0.017660693
1/25/2016,0.015382979,0.02185739
1/26/2016,-0.014420751,-0.003898305
1/27/2016,0.012630459,0.005870342
1/28/2016,-0.009093228,0.01334685
1/29/2016,0.004657297,-0.009782335
2/1/2016,0.022671564,0.0256246
2/2/2016,-0.000867312,-0.003895544
2/3/2016,-0.014566551,-0.022788419
2/4/2016,0.002412128,-0.014336356
2/5/2016,0.000732293,0.010570267
2/8/2016,-0.020814684,-0.008594919
2/9/2016,-0.013233706,-0.027137052
2/10/2016,0.004674169,-0.010053733
2/11/2016,-0.005438574,0.007119706
2/12/2016,-0.007363279,-0.023852725
2/15/2016,0,0.030810926
2/16/2016,0.020748291,0.020446371
2/17/2016,0.014619816,0.006507287
2/18/2016,0.01515162,0.028675174
2/19/2016,-0.00561845,-0.009667812
2/22/2016,0.004017212,-0.003650336
2/23/2016,0.009322226,0.014705388
2/24/2016,-0.01277811,-0.012488263
2/25/2016,0.007462575,-0.015950156
2/26/2016,0.011946951,0.024815858
2/29/2016,-0.004000075,0.01383718
3/1/2016,-0.005156327,0.000180462
3/2/2016,0.02039658,0.00915186
3/3/2016,0.004553273,-0.000942613
3/4/2016,0.004235513,-0.002700476
3/7/2016,0.001053142,0.011238872
3/8/2016,0.00038576,-0.002742201
3/9/2016,-0.007732094,-0.009219721
3/10/2016,0.004809648,0.003412006
3/11/2016,0.001878476,-0.017831803
3/14/2016,0.012312596,0.017078802
3/15/2016,-0.001980914,0.005667985
3/16/2016,-0.000511112,-0.005603618
3/17/2016,0.006285266,0.005781759
3/18/2016,0.007035379,0.004145429
3/21/2016,0.003292231,-0.00185451
3/22/2016,0.000371061,-0.000807807
3/23/2016,-4.39E-05,0.001309721
3/24/2016,-0.007844606,0.001033459
3/25/2016,0,-0.014937668
3/28/2016,0.00266179,0
3/29/2016,-0.001050113,0
3/30/2016,0.011062272,-9.83E-05
3/31/2016,0.002672147,0.015935455
4/1/2016,-0.003464486,-0.004562209
4/4/2016,0.008056823,-0.004664012
4/5/2016,-0.005156277,0.003026325
4/6/2016,-0.008213305,-0.011922721
4/7/2016,0.008530647,0.011557641
4/8/2016,-0.008468195,-0.004008731
4/11/2016,0.002292764,0.010999039
4/12/2016,-0.003175258,-0.000693025
4/13/2016,0.010862521,0.006822439
4/14/2016,0.008214244,0.019303473
4/15/2016,0.00010092,0.000345785
4/18/2016,-0.002049839,-0.003346419
4/19/2016,0.008283491,0.001529083
4/20/2016,0.002609657,0.008168711
4/21/2016,0.000271265,0.000764964
4/22/2016,-0.005042647,-0.004508354
4/25/2016,-0.001013571,-0.011126085
4/26/2016,0.000224934,-0.007844194
4/27/2016,0.001191474,0.003769442
4/28/2016,-0.00066918,0.005632891
4/29/2016,-0.009139409,0.000395576
5/2/2016,-0.002244474,-0.012732507
5/3/2016,0.004842374,0
5/4/2016,-0.008126346,-0.009019658
5/5/2016,-0.003567489,-0.011898619
5/6/2016,-0.002523165,0.000867115
5/9/2016,0.004775941,0.001373219
5/10/2016,0.002468875,-0.001779452
5/11/2016,0.010016415,0.006852291
5/12/2016,-0.007737817,0.000942031
5/13/2016,-0.00225909,-0.009460415
5/16/2016,-0.007743016,0.00561905
5/17/2016,0.009044583,0.002101475
5/18/2016,-0.010004665,0.002666044
5/19/2016,-8.32E-05,-0.000324265
5/20/2016,-0.001139783,-0.018229574
5/23/2016,0.005068846,0.016998696
5/24/2016,0.000204617,-0.003232445
5/25/2016,0.012802977,0.013509534
5/26/2016,0.006017524,0.007010451
5/27/2016,-0.000659776,0.000447124
5/30/2016,0,0.000813893
5/31/2016,0.004817959,0
6/1/2016,-0.002947409,-0.006378772
6/2/2016,0.001800443,-0.006243164
6/3/2016,0.003031929,-0.001017427
6/6/2016,-0.001539868,0.003879979
6/7/2016,0.004450552,0.010274382
6/8/2016,0.001198964,0.001769391
6/9/2016,0.00139155,0.002705068
6/10/2016,-0.002873743,-0.011045005
6/13/2016,-0.008447251,-0.018629968
6/14/2016,-0.007218883,-0.011576541
6/15/2016,0.000457562,-0.020099256
6/16/2016,-0.005410084,0.007309835
6/17/2016,0.005729807,-0.00273175
6/20/2016,-0.001260645,0.011864566
6/21/2016,0.004629965,0.030376493
6/22/2016,0.002186879,0.003642827
6/23/2016,0.001459528,0.00555682
6/24/2016,0.005260899,0.012281975
6/27/2016,-0.034394791,-0.031460516
6/28/2016,-0.012198138,-0.025493996
6/29/2016,0.017950085,0.026445071
6/30/2016,0.014921491,0.03577946
7/1/2016,0.012623261,0.022672553
7/4/2016,0,0.011300217
7/5/2016,-0.002043518,-0.008437472
7/6/2016,-0.005069147,0.00354171
7/7/2016,0.007671157,-0.012497297
7/8/2016,0.003118447,0.010860775
7/11/2016,0.011746727,0.008693302
7/12/2016,0.003649649,0.014004765
7/13/2016,0.006688506,-0.000329155
7/14/2016,0.001889593,-0.001541798
7/15/2016,0.003359779,-0.002383651
7/18/2016,-0.001427094,0.002209061
7/19/2016,0.000809421,0.003928463
7/20/2016,0.001067598,0.000298713
7/21/2016,0.003143813,0.004718264
7/22/2016,-0.002963741,-0.00432458
7/25/2016,0.003341837,0.004567247
7/26/2016,-0.002180599,-0.003030964
7/27/2016,0.000387321,0.00207149
7/28/2016,-0.001732875,0.00392622
7/29/2016,0.001283456,-0.004340455
8/1/2016,0.001991776,0.000490962
8/2/2016,-0.001477101,-0.004520835
8/3/2016,-0.006050805,-0.007260248
8/4/2016,0.003106417,-0.00165528
8/5/2016,0.002440492,0.015947229
8/8/2016,0.006902453,0.007907748
8/9/2016,-0.000696056,0.002296327
8/10/2016,0.000261231,0.006197545
8/11/2016,-0.002217366,0.002203976
8/12/2016,0.002649265,0.007034297
8/15/2016,0.001071596,0.000187977
8/16/2016,7.32E-05,0.003643753
8/17/2016,-0.003842168,-0.006814426
8/18/2016,0.001864147,-0.005033393
8/19/2016,0.0010725,0.00142871
8/22/2016,-0.001217775,-0.001455816
8/23/2016,0.002855719,-0.004446712
8/24/2016,-0.001243239,0.005857802
8/25/2016,-0.005400257,-0.004760893
8/26/2016,0.000832866,-0.002764841
8/29/2016,-0.002257439,0.003109947
8/30/2016,0.004266912,0
8/31/2016,-0.002702467,-0.002529985
9/1/2016,-0.001025958,-0.005761759
9/2/2016,0.00283693,-0.00523483
9/5/2016,0,0.022027883
9/6/2016,0.001892141,-0.002204652
9/7/2016,0.001631737,-0.00774774
9/8/2016,-0.001102849,0.003003179
9/9/2016,-0.006267263,0.001767315
9/12/2016,-0.022230609,-0.011911906
9/13/2016,0.013961252,-0.011229172
9/14/2016,-0.010513917,-0.00526792
9/15/2016,-0.001174889,0.001155141
9/16/2016,0.00993708,0.008541501
9/19/2016,-0.001160034,-0.002971636
9/20/2016,0.000909496,0.015394289
9/21/2016,-0.000633691,0.00252432
9/22/2016,0.012291387,0.000585583
9/23/2016,0.001082525,0.011207365
9/26/2016,-0.006786945,-0.000289377
9/27/2016,-0.005790951,-0.013228342
9/28/2016,0.007367085,-0.001510678
9/29/2016,0.003261005,0.006125374
9/30/2016,-0.005712524,0.010219873
10/3/2016,0.003626261,-0.00290489
10/4/2016,-0.000443537,0.012204165
10/5/2016,-0.003799727,0.013002048
10/6/2016,0.001424527,-0.005795627
10/7/2016,0.002766155,-0.004734592
10/10/2016,-0.001755876,0.006342843
10/11/2016,0.000444459,0.007537916
10/12/2016,-0.010956196,-0.003747812
10/13/2016,-0.00346635,-0.006632805
10/14/2016,0.004421959,-0.006591658
10/17/2016,-0.003145321,0.005144948
10/18/2016,0.002513002,-0.009410288
10/19/2016,0.001169148,0.007556566
10/20/2016,0.000794069,0.003114213
10/21/2016,-0.001437603,0.000712058
10/24/2016,0.004239479,-0.000910772
10/25/2016,0.000567824,-0.004857218
10/26/2016,-0.005931005,0.004465847
10/27/2016,0.003317823,-0.008478682
10/28/2016,-0.005517606,0.004095946
10/31/2016,-0.001149009,0.00138833
11/1/2016,-0.000516531,-0.006017411
11/2/2016,-0.009043163,-0.005334919
11/3/2016,-0.005039221,-0.010365644
11/4/2016,-0.00715171,-0.00801997
11/7/2016,0.008062256,-0.014314144
11/8/2016,0.013962664,0.016972211
11/9/2016,0.000770046,0.005318162
11/10/2016,0.016856167,0.010039267
11/11/2016,-0.002205329,-0.012124165
11/14/2016,0.00135475,-0.014294097
11/15/2016,0.001223724,0.003387658
11/16/2016,0.004261418,0.005849079
11/17/2016,0.000496011,-0.006330325
11/18/2016,0.003782223,0.006666963
11/21/2016,-0.000192133,-0.002781637
11/22/2016,0.006920015,0.000324714
11/23/2016,-0.001367217,0.006152286
11/24/2016,0,-0.000293268
11/25/2016,0.003511392,0.001686786
11/28/2016,0.001785793,0.001698531
11/29/2016,-0.00427559,-0.006037277
11/30/2016,0.001912958,-0.004044415
12/1/2016,-0.002176923,0.00174244
12/2/2016,-0.00411323,-0.004554955
12/5/2016,0.004349276,-0.003287433
12/6/2016,0.003003707,0.002391966
12/7/2016,0.001567537,0.004891208
12/8/2016,0.01375566,0.018053688
12/9/2016,0.003837394,0.004259497
12/12/2016,0.004044973,0.003260445
12/13/2016,0.00198775,-0.009174354
12/14/2016,0.002222412,0.011349152
12/15/2016,-0.006427614,-0.002783902
12/16/2016,0.005785878,0.007166264
12/19/2016,-0.003339525,0.001800271
12/20/2016,0.003213474,0.00079869
12/21/2016,0.001782501,0.003819159
12/22/2016,-0.003351673,-0.000369122
12/23/2016,-0.001184275,0.003167025
12/26/2016,0,0.00063706
12/27/2016,0.002645716,0
12/28/2016,0.001765046,0
12/29/2016,-0.009131225,0.00536203
12/30/2016,0.000938034,0.001998242
1/2/2017,0,0.003159979
1/3/2017,-1.78E-05,0
1/4/2017,0.004454682,0.004914053
1/5/2017,0.002909371,0.001643976
1/6/2017,0.001304994,0.000778838
1/9/2017,0.001078839,0.002056939
1/10/2017,-0.001702205,0.003841792
1/11/2017,-0.000493397,0.005208792
1/12/2017,0.001119543,0.002061714
1/13/2017,0.000704535,0.0002606
1/16/2017,0,0.006225646
1/17/2017,-0.001584034,-0.001458163
1/18/2017,0,-0.014562404
1/19/2017,0.001216324,0.003767131
1/20/2017,-0.000853885,-0.005408714
1/23/2017,-0.000960339,-0.00138727
1/24/2017,4.40E-05,-0.006556972
1/25/2017,0.00925975,-0.000125908
1/26/2017,0.004259725,0.001971959
1/27/2017,0.000169726,-0.000404766
1/30/2017,-0.005658937,0.003211618
1/31/2017,-0.005244942,-0.009186443
2/1/2017,0.005087936,-0.002711218
2/2/2017,-0.003894026,0.001197318
2/3/2017,0.005204968,0.004656866
2/6/2017,0.002508145,0.006651916
2/7/2017,0.000693066,-0.002239696
2/8/2017,-0.002752799,0.001951981
2/9/2017,0.003122842,0.00036175
2/10/2017,0.006779322,0.005661612
2/13/2017,0.004086872,0.004052812
2/14/2017,0.00189521,0.002769066
2/15/2017,0.004066841,-0.001415022
2/16/2017,0.006019838,0.004650112
2/17/2017,-0.002821659,-0.003355061
2/20/2017,0,0.003036604
2/21/2017,0.005078895,-1.37E-05
2/22/2017,0.00263288,-0.003438417
2/23/2017,0.002706309,0.003780173
2/24/2017,-0.004971497,-0.00423153
2/27/2017,0.00403272,-0.003809405
2/28/2017,0.000359414,0.001283847
3/1/2017,0.005938009,0.001433876
3/2/2017,0.006142571,0.01645235
3/3/2017,-0.005775166,-6.77E-05
3/6/2017,-0.002389808,-0.001097217
3/7/2017,-0.001890339,-0.003281628
3/8/2017,-0.000392254,-0.001510197
3/9/2017,-0.002666909,-0.000599523
3/10/2017,0.003820634,-0.002672279
3/13/2017,-0.000404617,0.003841435
3/14/2017,-0.001269211,0.003268374
3/15/2017,0.000755753,-0.001248822
3/16/2017,0.007328009,0.001454246
3/17/2017,-0.001675245,0.006432688
3/20/2017,-0.00229473,0.001213592
3/21/2017,0.00045415,0.000646438
3/22/2017,-0.015264894,-0.006931546
3/23/2017,0.001267593,-0.007264493
3/24/2017,0.001896849,0.00218439
3/27/2017,-0.009066386,-0.000531338
3/28/2017,0.004585413,-0.005901729
3/29/2017,0.007158762,0.006841695
3/30/2017,0.002024162,0.004126194
3/31/2017,0.001486467,-0.000569618
4/3/2017,-0.001048697,-0.006323373
4/4/2017,-0.003208716,-0.005489588
4/5/2017,0.0050239,0.005368834
4/6/2017,-0.005408646,0.00135218
4/7/2017,0.001189592,-0.003887229
4/10/2017,0.0002418,0.006325954
4/11/2017,-0.001374531,-6.80E-05
4/12/2017,-0.000751946,0.002258855
4/13/2017,-0.004323671,-0.002240174
4/14/2017,0,-0.002911948
4/17/2017,-0.00399656,0
4/18/2017,0.004248404,0
4/19/2017,0.001818551,-0.02457832
4/20/2017,-0.001747109,-0.004631004
4/21/2017,0.005143681,0.00057631
4/24/2017,0.006620726,-0.000547855
4/25/2017,0.004716614,0.021097475
4/26/2017,0.003136653,0.001500393
4/27/2017,0.000301372,0.001800552
4/28/2017,0.001665473,-0.007065732
5/1/2017,-0.002164003,-0.004601267
5/2/2017,0.001067636,0
5/3/2017,-0.00190295,0.00641322
5/4/2017,0.001378604,-0.002151708
5/5/2017,0.001079625,0.001879895
5/8/2017,0.003164153,0.006801755
5/9/2017,0.000683407,0.000479623
5/10/2017,-0.001994536,0.005656877
5/11/2017,-0.000813568,0.005856555
5/12/2017,-0.001002216,0.000189555
5/15/2017,0.000643711,0.006606531
5/16/2017,0.00441527,0.002555343
5/17/2017,-0.00898301,0.009068483
5/18/2017,-0.011859254,-0.002459452
5/19/2017,0.00708381,-0.008942507
5/22/2017,0.006679617,0.004612486
5/23/2017,0.00411781,0.003426668
5/24/2017,0.001823029,-0.001467391
5/25/2017,0.003385564,0.00395443
5/26/2017,0.002058468,0.000372632
5/29/2017,0,0.003977267
5/30/2017,-0.001172118,0
5/31/2017,0.001642,-0.002795604
6/1/2017,8.29E-06,-0.000863615
6/2/2017,0.006470361,0.003164868
6/5/2017,0.002694074,0.000503764
6/6/2017,-0.002424351,-0.002888374
6/7/2017,4.53E-05,-0.000106275
6/8/2017,0.000921037,-0.0061661
6/9/2017,0.000870845,-0.003824258
6/12/2017,-0.004313763,0.010375813
6/13/2017,0.00340908,-0.002045873
6/14/2017,0.003943922,-0.001530904
6/15/2017,-0.008024596,-0.003466482
6/16/2017,0.002928914,-0.00735845
6/19/2017,0.004651971,0.00594389
6/20/2017,0.003320244,0.008079293
6/21/2017,-0.004631346,-0.006791729
6/22/2017,-0.000783072,-0.003332181
6/23/2017,-0.001128251,-0.001141277
6/26/2017,0.003561155,-0.002043164
6/27/2017,-0.002856761,0.00305757
6/28/2017,-0.003135907,-0.001665132
6/29/2017,0.005632615,-0.006268172
6/30/2017,-0.005396348,-0.005075936
7/3/2017,0.000901507,-0.005115384
7/4/2017,0,0.008806583
7/5/2017,-0.000250829,-0.002697524
7/6/2017,-0.003019643,0.001413568
7/7/2017,-0.004093323,-0.004112641
7/10/2017,0.004553511,0.001853556
7/11/2017,0.001171407,0.002598335
7/12/2017,0.003460524,-0.005454572
7/13/2017,0.003793489,0.011883012
7/14/2017,0.001705497,-0.000471895
7/17/2017,0.004221892,-0.004721181
7/18/2017,-0.001471892,0.003483166
7/19/2017,0.00324536,-0.001877325
7/20/2017,0.004752708,0.005507254
7/21/2017,-0.003296287,0.007670673
7/24/2017,0.001880577,-0.004674208
7/25/2017,0.002362358,-0.010089993
7/26/2017,0.000843498,0.007739486
7/27/2017,0.001125029,0.002353796
7/28/2017,-0.005493843,-0.001247911
7/31/2017,0.002762046,-0.010022853
8/1/2017,0.000468572,0.000488586
8/2/2017,0.001324042,0.007013049
8/3/2017,-0.001753705,-0.001656895
8/4/2017,0.000343232,0.008554376
8/7/2017,0.000104975,0.004936639
8/8/2017,0.000488549,0.002689099
8/9/2017,-0.005245425,0.00143394
8/10/2017,1.21E-05,-0.005913015
8/11/2017,-0.009872654,-0.014430348
8/14/2017,0.005702455,-0.010812041
8/15/2017,0.005580519,0.006005459
8/16/2017,-1.22E-05,0.004079468
8/17/2017,-0.002300844,0.006649616
8/18/2017,-0.014336491,-0.00606755
8/21/2017,-0.00088147,-0.008649265
8/22/2017,0.003401361,-0.000696354
8/23/2017,0.004573141,0.008580565
8/24/2017,0.001239337,0.00013547
8/25/2017,-0.001303129,0.003305011
8/28/2017,0.00107584,-0.000756045
8/29/2017,-0.00629667,0
8/30/2017,0.005806113,-0.00866042
8/31/2017,0.006782272,0.003802424
9/1/2017,0.004779412,0.008865938
9/4/2017,0,0.001063158
9/5/2017,-0.001644759,-0.003629764
9/6/2017,-0.00263931,-0.005208136
9/7/2017,0.001716831,-0.002549852
9/8/2017,-0.002354099,0.005833467
9/11/2017,0.004983255,-0.002622672
9/12/2017,0.007039717,0.004879636
9/13/2017,0.000782503,-0.001740032
9/14/2017,0.000268723,-0.002837569
9/15/2017,0.000444913,-0.011423268
9/18/2017,0.002740782,-0.010952094
9/19/2017,0.001510495,0.005238695
9/20/2017,0.000219467,0.003033102
9/21/2017,0.000127581,-0.000453563
9/22/2017,-0.003948652,-0.001113875
9/25/2017,0.000852888,0.00642908
9/26/2017,0.00066022,-0.001272165
9/27/2017,0.000903628,-0.002136552
9/28/2017,4.39E-05,0.003815667
9/29/2017,0.002616451,0.001271594
10/2/2017,0.004478155,0.006827989
10/3/2017,0.003625312,0.008951823
10/4/2017,0.001240897,0.003938847
10/5/2017,0.002913039,-6.70E-05
10/6/2017,0.002589609,0.005410025
10/9/2017,0.001550557,0.001984537
10/10/2017,-0.000548682,-0.001993912
10/11/2017,0.00024711,0.004049055
10/12/2017,0.000885967,-0.000596952
10/13/2017,0.001088978,0.002973319
10/16/2017,-3.52E-05,-0.002752745
10/17/2017,0.000626026,-0.001114725
10/18/2017,0.002229103,-0.001434809
10/19/2017,-0.003699066,0.003552288
10/20/2017,0.00554955,-0.00263823
10/23/2017,0.004097283,2.66E-05
10/24/2017,-0.003653946,0.000172773
10/25/2017,-0.000833077,0.000265798
10/26/2017,-0.002509211,-0.01053608
10/27/2017,0.003976411,0.005277125
10/30/2017,0.002914098,0.002471115
10/31/2017,-0.00068277,-0.002291831
11/1/2017,0.002802795,0.000707857
11/2/2017,-0.001451682,-0.000680639
11/3/2017,0.000957553,0.008987688
11/6/2017,0.002145697,0.000675036
11/7/2017,0.00179331,0.000251297
11/8/2017,-0.001311729,-0.006505919
11/9/2017,-0.001819424,0.002209487
11/10/2017,-0.001478355,-0.006056031
11/13/2017,-0.001414592,-0.006827821
11/14/2017,0.000473494,-0.0023947
11/15/2017,-0.003219881,-0.000107926
11/16/2017,0.001362159,-0.005637652
11/17/2017,0.003882699,0.001939588
11/20/2017,-0.001335668,-0.000839284
11/21/2017,0.003752653,0.001192272
11/22/2017,0.00430259,0.002950106
11/23/2017,0,0.00103898
11/24/2017,4.23E-05,-0.000242594
11/27/2017,0.000861396,-0.001024659
11/28/2017,0.00126026,-0.0034685
11/29/2017,0.008396251,0.010401047
11/30/2017,0.002325069,-0.008993807
12/1/2017,0.004240874,-0.009048353
12/4/2017,0.004570656,-0.003575988
12/5/2017,-0.006552001,0.005273611
12/6/2017,-0.00512923,-0.001566971
12/7/2017,0.000814812,0.00279768
12/8/2017,0.006783676,-0.003701714
12/11/2017,0.002259828,0.009998934
12/12/2017,0.003597042,0.008047065
12/13/2017,0.002201616,0.006292333
12/14/2017,-0.000644766,-0.000519959
12/15/2017,-0.001965675,-0.006456333
12/18/2017,0.009505283,0.005706153
12/19/2017,0.002528012,0.006194417
12/20/2017,-0.001682331,0.000942032
12/21/2017,-0.001919482,-0.002505256
12/22/2017,0.000447239,0.010471456
12/25/2017,0,-0.001486034
12/26/2017,-0.001911126,0
12/27/2017,0.001123519,0
12/28/2017,0.001491369,0.003687753
12/29/2017,0.001135402,0.000288649
1/1/2018,0,0.008513807
1/2/2018,-0.002015478,0
1/3/2018,0.005261378,-0.005163988
1/4/2018,0.007954468,0.003007283
1/5/2018,0.004420246,0.003232888
1/8/2018,0.004151766,0.003677321
1/9/2018,0.003091871,-0.003586157
1/10/2018,-0.002035459,0.004482557
1/11/2018,0.002702527,0.002263614
1/12/2018,0.006251416,0.001858412
1/15/2018,0,0.002022465
1/16/2018,0.010389227,-0.001221299
1/17/2018,-0.004991129,-0.001699064
1/18/2018,0.006251337,-0.00393249
1/19/2018,7.14E-05,-0.0031584
1/22/2018,0.002340617,0.003869602
1/23/2018,0.009216327,-0.001992019
1/24/2018,0.003657739,0.002125606
1/25/2018,0.000288206,-0.011433289
1/26/2018,0.000435659,-0.003610971
1/29/2018,0.006935957,0.006525932
1/30/2018,-0.012029028,0.000782728
1/31/2018,-0.000116523,-0.010884442
2/1/2018,-0.005634764,-0.007169202
2/2/2018,-0.002673589,-0.005734336
2/5/2018,-0.024158703,-0.006274698
2/6/2018,-0.046069778,-0.014563224
2/7/2018,0.029130528,-0.026394015
2/8/2018,-0.002207377,0.019323942
2/9/2018,-0.030998015,-0.014932509
2/12/2018,0.013440787,-0.010919477
2/13/2018,0.003610513,0.011942389
2/14/2018,0.001866756,-0.001267935
2/15/2018,0.023479845,0.006417411
2/16/2018,0.005041509,0.002883255
2/19/2018,0,0.008279481
2/20/2018,-0.001521705,-0.006443034
2/21/2018,-0.000903404,-0.000124231
2/22/2018,-0.003716227,0.00480216
2/23/2018,0.001984979,-0.004010134
2/26/2018,0.015306749,-0.001103083
2/27/2018,0.008370234,0.006239329
2/28/2018,-0.009591945,-0.000974004
3/1/2018,-0.014002592,-0.006948177
3/2/2018,-0.020746046,-0.007784926
3/5/2018,0.008338129,-0.014730503
3/6/2018,0.018321064,0.006520615
3/7/2018,-0.007325525,0.004328247
3/8/2018,0.008327886,0.00153915
3/9/2018,0.007377152,0.006342786
3/12/2018,0.013669218,0.002956992
3/13/2018,0.000634293,-0.001342681
3/14/2018,-0.006535807,-0.010533903
3/15/2018,-0.007133962,-0.000854431
3/16/2018,-0.001343351,0.000995361
3/19/2018,-0.003341193,0.003403498
3/20/2018,-0.009604592,-0.016917714
3/21/2018,-2.21E-05,0.002612546
3/22/2018,-0.008703488,-0.003158031
3/23/2018,-0.016590179,-0.012274457
3/26/2018,-0.010337311,-0.004415642
3/27/2018,0.018409135,-0.004796329
3/28/2018,-0.021094111,0.016171397
3/29/2018,0.001190925,0.006371351
3/30/2018,0,0.001689199
4/2/2018,0.007282729,0
4/3/2018,-0.015675266,0
4/4/2018,-0.003136323,-0.003698679
4/5/2018,0.0283742,0.000497831
4/6/2018,-0.00434267,0.023528575
4/9/2018,-0.010824673,-0.002208473
4/10/2018,0.008111777,0.001559066
4/11/2018,0.002077001,0.010007228
4/12/2018,0.003759682,-0.001334798
4/13/2018,0.00869303,0.000165315
4/16/2018,-0.002540179,0.000868012
4/17/2018,0.008479043,-0.009140201
4/18/2018,0.006450722,0.003875955
4/19/2018,-0.003302521,0.012620875
4/20/2018,-0.003183763,0.001585298
4/23/2018,-0.006373175,0.005362373
4/24/2018,0.002018445,0.004166514
4/25/2018,-0.017114341,0.003581614
4/26/2018,0.006349332,-0.006208433
4/27/2018,0.008983112,0.005705162
4/30/2018,0.002631328,0.010887473
5/1/2018,-0.014743672,0.000946337
5/2/2018,0.004267953,0.00147818
5/3/2018,-0.009855896,0.003031793
5/4/2018,-0.002522802,-0.005369074
5/7/2018,0.022464719,0.008583563
5/8/2018,-0.003760746,0
5/9/2018,0.002943574,-0.000171835
5/10/2018,0.010044323,0.012781226
5/11/2018,0.006535971,0.00502447
5/14/2018,0.005792052,0.00306455
5/15/2018,-0.007259485,-0.001760622
5/16/2018,-0.00219598,0.001556218
5/17/2018,0.002613652,0.001450239
5/18/2018,-0.000867689,0.006956092
5/21/2018,0.006638745,-0.00118133
5/22/2018,0.001078528,0.010335835
5/23/2018,-0.008895939,0.002328456
5/24/2018,0.006249111,-0.011310707
5/25/2018,-0.002687662,-0.009205961
5/28/2018,0,0.001762361
5/29/2018,-0.006788805,0
5/30/2018,-0.000990783,-0.01263854
5/31/2018,0.006864211,0.007467966
6/1/2018,-0.000837944,-0.001482509
6/4/2018,0.00844888,0.003073586
6/5/2018,0.002476607,0.005128671
6/6/2018,0.001742808,-0.007040161
6/7/2018,0.007841674,0.003330397
6/8/2018,-0.00324343,-0.001037291
6/11/2018,0.005184625,-0.003024221
6/12/2018,0.001949574,0.007329654
6/13/2018,0.000839978,-0.004342557
6/14/2018,-0.001696586,-1.29E-05
6/15/2018,-0.00195096,0.008061011
6/18/2018,-0.004316393,-0.016984716
6/19/2018,-0.004982312,-0.000340599
6/20/2018,0.006438919,-0.003590463
6/21/2018,-0.000162453,0.003090519
6/22/2018,-0.003065775,-0.009308546
6/25/2018,-0.006465576,0.01666136
6/26/2018,-0.007590332,-0.022454214
6/27/2018,0.002325332,0.003741791
6/28/2018,-0.010907295,0.011117194
6/29/2018,0.010538425,-0.000800359
7/2/2018,-0.008133068,0.002796865
7/3/2018,0.01046972,-0.011653944
7/4/2018,0,0.006014905
7/5/2018,-0.003322057,-0.002660201
7/6/2018,0.004951927,0.003974607
7/9/2018,0.013858518,0.001907092
7/10/2018,0.004662,0.009228481
7/11/2018,-0.003134231,0.000520291
7/12/2018,0.001194259,-0.01300052
7/13/2018,0.004954849,0.007810828
7/16/2018,0.000153803,0.001385398
7/17/2018,-0.002866996,-0.008013665
7/18/2018,0.007890759,0.003394488
7/19/2018,-0.000704281,0.006556259
7/20/2018,-0.001715711,0.001003113
7/23/2018,-0.001918357,-0.000676756
7/24/2018,0.007684424,-0.00299526
7/25/2018,-0.00104583,0.00696208
7/26/2018,0.006302949,-0.006589653
7/27/2018,0.002419373,0.00063988
7/30/2018,-0.008215067,0.004971762
7/31/2018,-0.003288407,-5.19E-05
8/1/2018,0.004071545,0.00622004
8/2/2018,-0.007333816,-0.012376098
8/3/2018,0.010405408,-0.010061545
8/6/2018,0.003770797,0.010982219
8/7/2018,0.005502918,0.000613611
8/8/2018,0.000304671,0.007137477
8/9/2018,0.000139983,0.00754035
8/10/2018,-0.006401408,-0.004487815
8/13/2018,-0.001211716,-0.009661811
8/14/2018,-0.002673315,-0.003195513
8/15/2018,2.48E-05,-0.004043167
8/16/2018,0.001234106,-0.014937752
8/17/2018,0.002429904,0.007802185
8/20/2018,0.005499684,0.00029117
8/21/2018,0.002656014,0.004326159
8/22/2018,-0.000181729,-0.00337223
8/23/2018,-0.000244653,0.001123492
8/24/2018,0.000720227,-0.001452299
8/27/2018,0.007804721,0.001890708
8/28/2018,0.005809987,0
8/29/2018,-0.000286007,0.005239221
8/30/2018,0.002868292,-0.007089219
8/31/2018,-0.003633566,-0.00624077
9/3/2018,0,-0.011122951
9/4/2018,-0.000486534,0.009714251
9/5/2018,-0.001853623,-0.006222876
9/6/2018,-0.001020267,-0.010002829
9/7/2018,-0.007055183,-0.008708817
9/10/2018,0.004577647,-0.005642821
9/11/2018,-0.003408016,0.000219796
9/12/2018,0.005822588,-0.000796753
9/13/2018,0.002963712,0.005485654
9/14/2018,0.003289706,-0.004348156
9/17/2018,-0.000877313,0.003076234
9/18/2018,-0.00450787,-0.000260118
9/19/2018,0.005486522,-0.000260186
9/20/2018,0.004517265,0.004232747
9/21/2018,0.005832741,0.004937827
9/24/2018,-0.005083811,0.016681877
9/25/2018,-2.74E-05,-0.004245587
9/26/2018,-0.00163259,0.006596615
9/27/2018,-0.001827259,0.000519461
9/28/2018,-0.000556342,0.004513067
10/1/2018,0.005587575,-0.004665055
10/2/2018,-0.000850903,-0.001930708
10/3/2018,0.002698506,-0.00281496
10/4/2018,-0.004209123,0.004776136
10/5/2018,-0.005758151,-0.012249844
10/8/2018,-0.008616594,-0.013453191
10/9/2018,0.001730644,-0.011641757
10/10/2018,-0.002987017,0.000594513
10/11/2018,-0.033762409,-0.012697566
10/12/2018,-0.002279573,-0.01942431
10/15/2018,-0.002421896,-0.001569881
10/16/2018,0.001165039,0.004759973
10/17/2018,0.01612543,0.004296322
10/18/2018,-0.003439209,-0.000679917
10/19/2018,-0.00940046,-0.003912355
10/22/2018,-0.000619662,0.0032446
10/23/2018,-0.019073921,-0.000992936
10/24/2018,0.006188865,-0.01243818
10/25/2018,-0.023007021,0.001121435
10/26/2018,-0.002624333,0.005902642
10/29/2018,0.005543692,-0.009208892
10/30/2018,-0.015644968,0.012493473
10/31/2018,0.02458464,0.001366309
11/1/2018,0.004427846,0.013104251
11/2/2018,0.010255401,-0.00187987
11/5/2018,-0.00694962,-0.002895427
11/6/2018,0.004412382,0.001367292
11/7/2018,0.013047758,-0.008882515
11/8/2018,0.011625267,0.010879544
11/9/2018,-0.004375667,0.003287819
11/12/2018,-0.007218842,-0.004957552
11/13/2018,-0.01581867,-0.007346588
11/14/2018,0.002875352,9.92E-05
11/15/2018,-0.016209461,-0.002835351
11/16/2018,0.009288967,0.000597145
11/19/2018,0.004487685,-0.003424282
11/20/2018,-0.027882513,-0.001853462
11/21/2018,0.001182812,-0.007570455
11/22/2018,0,0.014723916
11/23/2018,-0.009173163,-0.012751466
11/26/2018,0.006307479,-0.001063159
11/27/2018,0.00520007,0.011951862
11/28/2018,0.010398855,-0.002714624
11/29/2018,0.016912824,-0.001767148
11/30/2018,0.000288655,0.004925405
12/3/2018,0.01926392,-0.008353432
12/4/2018,-0.002891979,0.011776125
12/5/2018,0,-0.005607173
12/6/2018,-0.042739593,-0.014381728
12/7/2018,0.010418583,-0.031451315
12/10/2018,-0.022442983,0.011038021
12/11/2018,0.012763823,-0.008350437
12/12/2018,-0.002330682,0.012705483
12/13/2018,0.000176798,0.010768528
12/14/2018,-0.010915116,-0.000392459
12/17/2018,-0.014804057,-0.004696446
12/18/2018,-0.011907786,-0.010518319
12/19/2018,-0.00501967,-0.010571088
12/20/2018,-0.019740495,0.009594694
12/21/2018,-0.012572298,-0.0079812
12/24/2018,-0.026292023,0.001385642
12/25/2018,0,-0.005237189
12/26/2018,-0.015596336,0
12/27/2018,0.033591133,0
12/28/2018,0.023037879,-0.015151033
12/31/2018,6.80E-05,0.022673744
1/1/2019,0,-0.000876136
1/2/2019,-0.008795722,0
1/3/2019,0.006039646,0.00090666
1/4/2019,-0.007058752,-0.006162573
1/7/2019,0.024766311,0.021620527
1/8/2019,0.012817428,-0.003875742
1/9/2019,0.004629822,0.007443979
1/10/2019,-0.0025155,0.006558237
1/11/2019,0.005673224,0.005255814
1/14/2019,-0.003013801,-0.003557549
1/15/2019,0.001856381,-0.009135352
1/16/2019,0.011469537,0.005835157
1/17/2019,-0.002091967,-0.004684526
1/18/2019,0.016092558,-0.004050926
1/21/2019,0,0.019517462
1/22/2019,0.002493093,0.000330108
1/23/2019,-0.005417815,-0.009927437
1/24/2019,-0.001755221,-0.008476541
1/25/2019,0.007048496,-0.003492657
1/28/2019,-0.004692475,-0.001437132
1/29/2019,-3.03E-05,-0.009120028
1/30/2019,0.003300789,0.012864757
1/31/2019,0.012009961,0.015759698
2/1/2019,0.006267042,0.003932783
2/4/2019,0.00154309,0.007361319
2/5/2019,0.008073223,0.001979987
2/6/2019,0.002459357,0.020372159
2/7/2019,-0.00640574,-0.000599076
2/8/2019,-0.009262058,-0.011083074
2/11/2019,0.007443207,-0.003157762
2/12/2019,0.00376427,0.008188129
2/13/2019,0.010170366,0.000561081
2/14/2019,-0.002472475,0.008089008
2/15/2019,0.006101691,0.00086224
2/18/2019,0,0.005516214
2/19/2019,0.003275092,-0.002376801
2/20/2019,0.003528,-0.005582077
2/21/2019,0.000428183,0.006880976
2/22/2019,0.000154638,-0.008466397
2/25/2019,0.008515997,0.001562658
2/26/2019,-0.004275497,0.000710459
2/27/2019,-0.001740502,-0.004538065
2/28/2019,0.000218873,-0.006138902
3/1/2019,0.003626063,-0.004572827
3/4/2019,0.005771579,0.00452316
3/5/2019,-0.007092246,0.003897689
3/6/2019,-0.001481491,0.006868132
3/7/2019,-0.008508134,0.001754058
3/8/2019,-0.012918707,-0.005336284
3/11/2019,0.006159415,-0.007446671
3/12/2019,0.014459832,0.003702025
3/13/2019,0.004463015,0.002888971
3/14/2019,0.003785959,0.001118693
3/15/2019,0.000145943,0.003659586
3/18/2019,0.004205248,0.005970427
3/19/2019,0.006430184,0.009808723
3/20/2019,-0.003315987,0.003397606
3/21/2019,-0.004104105,-0.004505735
3/22/2019,0.008795217,0.008819065
3/25/2019,-0.017053847,-0.020080719
3/26/2019,0.005954879,-0.004162273
3/27/2019,0.0025101,0.002605287
3/28/2019,-0.003659962,-0.000291762
3/29/2019,0.006716779,0.00557388
4/1/2019,0.007198699,0.006206598
4/2/2019,0.006884049,0.005247789
4/3/2019,0.002736904,0.01007191
4/4/2019,-0.000730192,0.003680062
4/5/2019,0.003538607,-0.002210736
4/8/2019,0.001490919,0.00607952
4/9/2019,-0.000650825,0.00067142
4/10/2019,-0.00180489,-0.003529275
4/11/2019,0.003661385,-0.000498303
4/12/2019,0.003091436,-0.000525459
4/15/2019,0.002571638,0.002574831
4/16/2019,0.001354714,-2.69E-05
4/17/2019,0.001297971,0.004437333
4/18/2019,-0.003851106,0.000187406
4/19/2019,0,-0.001525826
4/22/2019,-0.002075877,0
4/23/2019,0.003867131,0
4/24/2019,0.008250891,0.00847199
4/25/2019,-0.00170757,-0.006819036
4/26/2019,-0.001085675,-0.005045599
4/29/2019,0.005048181,-0.000793627
4/30/2019,-0.0011699,0.001682776
5/1/2019,0.005171761,-0.003023909
5/2/2019,-0.010219103,-0.004435091
5/3/2019,0.002412616,-0.00460374
5/6/2019,-0.006937047,0.00398573
5/7/2019,0.00142327,0
5/8/2019,-0.011472563,-0.016272403
5/9/2019,-0.00686552,0.001446181
5/10/2019,0.001139927,-0.008747091
5/13/2019,-0.008001871,-0.000568873
5/14/2019,-0.007066367,-0.005497426
5/15/2019,9.21E-05,0.010874255
5/16/2019,0.012558651,0.007650229
5/17/2019,0.000980478,0.007742908
5/20/2019,-0.005828082,-0.000666336
5/21/2019,0.004250645,-0.005130255
5/22/2019,0.000714795,0.002462077
5/23/2019,-0.006778607,0.000723204
5/24/2019,-0.001512334,-0.014071091
5/27/2019,0,0.006458332
5/28/2019,-0.000840232,0
5/29/2019,-0.014056398,-0.001195459
5/30/2019,-0.001186295,-0.011514678
5/31/2019,-0.007459809,0.004578847
6/3/2019,-0.005285279,-0.007827436
6/4/2019,0.004037704,0.003225437
6/5/2019,0.020071452,0.004439983
6/6/2019,0.003697512,0.000484986
6/7/2019,0.008612346,0.005498422
6/10/2019,0.011553264,0.009917492
6/11/2019,0.006043302,0.00594663
6/12/2019,-0.007074795,0.003118433
6/13/2019,0.001217599,-0.004176509
6/14/2019,0.000200981,0.000135729
6/17/2019,0.001014934,-0.00309425
6/18/2019,0.005869006,0.00156552
6/19/2019,0.004761427,0.011648322
6/20/2019,0.009946773,-0.005307
6/21/2019,0.001054334,0.002822976
6/24/2019,-0.0004369,-0.002276265
6/25/2019,-0.001910908,0.001242011
6/26/2019,-0.006690914,0.000768496
6/27/2019,-0.002190705,-0.000808364
6/28/2019,0.004548485,-0.001901205
7/1/2019,0.013116522,0.00314771
7/2/2019,-0.002271649,0.009682706
7/3/2019,0.004526713,0.008229436
7/4/2019,0,0.006627634
7/5/2019,0.002071778,-0.000749045
7/8/2019,-0.001501208,-0.006641591
7/9/2019,-0.004782248,-0.000503143
7/10/2019,0.00801884,-0.001695496
7/11/2019,0.003452336,-0.000769562
7/12/2019,0.001246821,-0.002775358
7/15/2019,0.004807929,-0.000505979
7/16/2019,-0.001878907,0.003423954
7/17/2019,-0.002333825,0.006041133
7/18/2019,-0.008728488,-0.005503378
7/19/2019,0.00852333,-0.005626687
7/22/2019,-0.007432805,0.002081928
7/23/2019,0.004295895,0.00082567
7/24/2019,0.001345703,0.005588897
7/25/2019,0.005832388,-0.007331036
7/26/2019,-0.000997928,-0.00165299
7/29/2019,0.003723545,0.008011643
7/30/2019,-0.005558018,0.018214092
7/31/2019,0.002846086,-0.00517788
8/1/2019,-0.011902283,-0.00784642
8/2/2019,-0.01222022,-0.000250422
8/5/2019,-0.015567728,-0.023441286
8/6/2019,-0.012729208,-0.024733052
8/7/2019,-0.000884261,-0.007225973
8/8/2019,0.01313909,0.003764798
8/9/2019,0.011843081,0.012113257
8/12/2019,-0.007998588,-0.004392045
8/13/2019,-0.009064143,-0.003749667
8/14/2019,0.004662005,0.003348652
8/15/2019,-0.016567888,-0.014205133
8/16/2019,0.006513962,-0.011317996
8/19/2019,0.017013757,0.007103466
8/20/2019,0.001898084,0.01018659
8/21/2019,0.001038033,-0.008999012
8/22/2019,0.003045784,0.011087719
8/23/2019,-0.006779352,-0.010521905
8/26/2019,-0.015241858,-0.004657585
8/27/2019,0.009223128,0
8/28/2019,-0.01101221,-0.000761086
8/29/2019,0.017156688,0.003540411
8/30/2019,0.009180953,0.009782508
9/2/2019,0,0.003187561
9/3/2019,-0.00956051,0.010364594
9/4/2019,0.005383244,-0.001881337
9/5/2019,0.012285207,0.005929887
9/6/2019,0.006664183,-0.005484607
9/9/2019,0.002717771,0.001526517
9/10/2019,-0.005829122,-0.006385345
9/11/2019,0.00350046,0.004450122
9/12/2019,0.0092809,0.00963126
9/13/2019,0.001040146,0.000913082
9/16/2019,-0.005245334,0.003104253
9/17/2019,-0.000246959,-0.006257224
9/18/2019,0.001946168,-0.000136586
9/19/2019,0.002951893,-0.000860582
9/20/2019,-0.000644503,0.005783323
9/23/2019,-0.008283392,-0.001563265
9/24/2019,0.006344874,-0.002559573
9/25/2019,-0.011350751,-0.004736517
9/26/2019,0.005855065,-0.000191994
9/27/2019,-8.71E-05,0.008381358
9/30/2019,-0.006163151,0.010216171
10/1/2019,0.005601443,-0.002423851
10/2/2019,-0.019743979,-0.006465861
10/3/2019,-0.013471149,-0.03230844
10/4/2019,0.011499413,-0.006303953
10/7/2019,0.008795406,0.010992399
10/8/2019,-0.008093824,0.00593957
10/9/2019,-0.003184429,-0.007599398
10/10/2019,0.002559153,0.003261816
10/11/2019,0.015254157,0.002776795
10/14/2019,0.000924713,0.008446537
10/15/2019,0.002629989,-0.004636351
10/16/2019,0.005404146,-0.000263381
10/17/2019,0.003709457,-0.006045829
10/18/2019,-0.001309641,0.00199495
10/21/2019,-0.000120162,-0.004413587
10/22/2019,0.00475558,0.001818029
10/23/2019,-0.005553461,0.006826163
10/24/2019,0.006937191,0.006682869
10/25/2019,-0.003801259,0.009310343
10/28/2019,0.009589404,-0.000518511
10/29/2019,0.001078379,0.000928364
10/30/2019,0.001433126,-0.003410037
10/31/2019,0.002355436,0.003353271
11/1/2019,0.001253756,-0.011240234
11/4/2019,0.009256828,0.00744992
11/5/2019,0.000597633,0.009216188
11/6/2019,-0.001850153,0.002496696
11/7/2019,0.003876271,0.001164047
11/8/2019,-0.001869123,0.001311356
11/11/2019,-0.000298555,-0.006345863
11/12/2019,0.002905517,-0.004198699
11/13/2019,-0.001650902,0.005035123
11/14/2019,0.002130248,-0.001927894
11/15/2019,0.005555261,-0.007944334
11/18/2019,0.003214365,0.001384941
11/19/2019,0.003059755,0.000657313
11/20/2019,-0.004089606,0.002203102
11/21/2019,-0.00198093,-0.008369945
11/22/2019,0.000939338,-0.003290864
11/25/2019,0.001938038,0.012184636
11/26/2019,0.005584761,0.009485724
11/27/2019,0.003394067,0.000919418
11/28/2019,0,0.003606558
11/29/2019,0.000537259,-0.001803535
12/2/2019,-0.001058037,-0.009425045
12/3/2019,-0.017952569,-0.008248839
12/4/2019,0.005211517,-0.017444667
12/5/2019,0.005062014,0.004148767
12/6/2019,0.004940404,-0.007039034
12/9/2019,0.002309687,0.014261939
12/10/2019,-0.002068838,-0.000801179
12/11/2019,0.000124353,-0.002778598
12/12/2019,0.001747582,0.000346558
12/13/2019,0.008092347,0.007926527
12/16/2019,0.005362127,0.010985069
12/17/2019,0.003697044,0.022533821
12/18/2019,-5.94E-05,0.000824528
12/19/2019,-0.000904445,0.002059719
12/20/2019,0.009713941,0.004376194
12/23/2019,0.000843839,0.001148723
12/24/2019,-0.000186016,0.005420389
12/25/2019,0,0.001128089
12/26/2019,0.00054256,0
12/27/2019,0.006206628,0
12/30/2019,-0.002198764,0.001663964
12/31/2019,-0.007688106,-0.007560571
1/1/2020,0,-0.005891605
1/2/2020,0.009172112,0
1/3/2020,-0.005643044,0.008206924
1/6/2020,-0.002730649,0.002380245
1/7/2020,0.007555456,-0.006179169
1/8/2020,-0.001008686,-0.000184798
1/9/2020,0.008472805,0.000132032
1/10/2020,0.004831563,0.003062773
1/13/2020,-0.003254355,-0.001342467
1/14/2020,0.004347187,0.003914152
1/15/2020,-0.000937519,0.000630094
1/16/2020,0.006306596,0.00267631
1/17/2020,0.006264042,-0.004317789
1/20/2020,0,0.008515374
1/21/2020,-0.000791261,-0.003022984
1/22/2020,0.002706989,-0.00531925
1/23/2020,-0.004279254,-0.005098124
1/24/2020,0.005226562,-0.008478679
1/27/2020,-0.02578386,0.010429266
1/28/2020,0.002522261,-0.022923794
1/29/2020,0.010478094,0.00925515
1/30/2020,-0.010035085,0.000387651
1/31/2020,0.007947344,-0.013576366
